model,dataset,seed,signal,n_test,AURC_sq,AURC_signal,delta_aurc_over_sq
llama3_8b,pavlick_nli,0,verbalized_confidence,198,0.16783540850597495,0.28771427985693965,-0.1198788713509647
llama3_8b,pavlick_nli,0,V_pos_minus_V_neg,198,0.16783540850597495,0.2364537007337363,-0.06861829222776136
llama3_8b,pavlick_nli,0,logprob_margin,198,0.16783540850597495,0.11027675883471078,0.05755864967126417
llama3_8b,pavlick_nli,0,ntok,198,0.16783540850597495,0.111435068351394,0.05640034015458095
llama3_8b,pavlick_nli,0,hidden_state_answer_probe,198,0.16783540850597495,0.11027675883471078,0.05755864967126417
llama3_8b,pavlick_nli,1,verbalized_confidence,198,0.17566735721587878,0.3473880529349063,-0.17172069571902754
llama3_8b,pavlick_nli,1,V_pos_minus_V_neg,198,0.17566735721587878,0.2505726737599988,-0.07490531654412003
llama3_8b,pavlick_nli,1,logprob_margin,198,0.17566735721587878,0.11314460552062865,0.06252275169525014
llama3_8b,pavlick_nli,1,ntok,198,0.17566735721587878,0.12290227175037083,0.052765085465507955
llama3_8b,pavlick_nli,1,hidden_state_answer_probe,198,0.17566735721587878,0.11337214268718028,0.0622952145286985
llama3_8b,pavlick_nli,2,verbalized_confidence,198,0.17369193402576238,0.36715733872554385,-0.19346540469978146
llama3_8b,pavlick_nli,2,V_pos_minus_V_neg,198,0.17369193402576238,0.25408499820947245,-0.08039306418371006
llama3_8b,pavlick_nli,2,logprob_margin,198,0.17369193402576238,0.11027675883471078,0.06341517519105161
llama3_8b,pavlick_nli,2,ntok,198,0.17369193402576238,0.11532061029058469,0.0583713237351777
llama3_8b,pavlick_nli,2,hidden_state_answer_probe,198,0.17369193402576238,0.11027675883471078,0.06341517519105161
llama3_8b,truthfulqa,0,verbalized_confidence,326,0.4820651053049443,0.5471700911627019,-0.06510498585775759
llama3_8b,truthfulqa,0,V_pos_minus_V_neg,326,0.4820651053049443,0.5043109677210341,-0.022245862416089834
llama3_8b,truthfulqa,0,logprob_margin,326,0.4820651053049443,0.2032814328463535,0.2787836724585908
llama3_8b,truthfulqa,0,ntok,326,0.4820651053049443,0.5722054970044507,-0.09014039169950638
llama3_8b,truthfulqa,0,hidden_state_answer_probe,326,0.4820651053049443,0.4525684154260896,0.029496689878854676
llama3_8b,truthfulqa,1,verbalized_confidence,326,0.49554728966753836,0.5565137986733438,-0.06096650900580547
llama3_8b,truthfulqa,1,V_pos_minus_V_neg,326,0.49554728966753836,0.5236160466491451,-0.028068756981606713
llama3_8b,truthfulqa,1,logprob_margin,326,0.49554728966753836,0.22992766149614613,0.26561962817139223
llama3_8b,truthfulqa,1,ntok,326,0.49554728966753836,0.6024392920597689,-0.10689200239223051
llama3_8b,truthfulqa,1,hidden_state_answer_probe,326,0.49554728966753836,0.45441815475060815,0.04112913491693021
llama3_8b,truthfulqa,2,verbalized_confidence,326,0.4663650730480416,0.5866599271076816,-0.12029485405963997
llama3_8b,truthfulqa,2,V_pos_minus_V_neg,326,0.4663650730480416,0.5311563579994476,-0.06479128495140601
llama3_8b,truthfulqa,2,logprob_margin,326,0.4663650730480416,0.22716126480642088,0.2392038082416207
llama3_8b,truthfulqa,2,ntok,326,0.4663650730480416,0.5910699120388897,-0.12470483899084811
llama3_8b,truthfulqa,2,hidden_state_answer_probe,326,0.4663650730480416,0.4559599197929169,0.0104051532551247
mistral_7b,pavlick_nli,0,verbalized_confidence,198,0.09757334751149181,0.2123168176014567,-0.1147434700899649
mistral_7b,pavlick_nli,0,V_pos_minus_V_neg,198,0.09757334751149181,0.18368858084976994,-0.08611523333827813
mistral_7b,pavlick_nli,0,logprob_margin,198,0.09757334751149181,0.023616191486702187,0.07395715602478962
mistral_7b,pavlick_nli,0,ntok,198,0.09757334751149181,0.2449708363171994,-0.14739748880570758
mistral_7b,pavlick_nli,0,hidden_state_answer_probe,198,0.09757334751149181,0.024778594736049084,0.07279475277544273
mistral_7b,pavlick_nli,1,verbalized_confidence,198,0.1148715878179992,0.16676348989074036,-0.051891902072741164
mistral_7b,pavlick_nli,1,V_pos_minus_V_neg,198,0.1148715878179992,0.1533616030229816,-0.03849001520498241
mistral_7b,pavlick_nli,1,logprob_margin,198,0.1148715878179992,0.023616191486702187,0.091255396331297
mistral_7b,pavlick_nli,1,ntok,198,0.1148715878179992,0.21802630443294904,-0.10315471661494985
mistral_7b,pavlick_nli,1,hidden_state_answer_probe,198,0.1148715878179992,0.02517091205604851,0.08970067576195068
mistral_7b,pavlick_nli,2,verbalized_confidence,198,0.0918862351090633,0.14563243425243058,-0.053746199143367285
mistral_7b,pavlick_nli,2,V_pos_minus_V_neg,198,0.0918862351090633,0.13752808324789514,-0.04564184813883185
mistral_7b,pavlick_nli,2,logprob_margin,198,0.0918862351090633,0.016101011060232415,0.07578522404883088
mistral_7b,pavlick_nli,2,ntok,198,0.0918862351090633,0.19805051024433865,-0.10616427513527535
mistral_7b,pavlick_nli,2,hidden_state_answer_probe,198,0.0918862351090633,0.018660374634350295,0.073225860474713
mistral_7b,truthfulqa,0,verbalized_confidence,326,0.42101118958080697,0.4881942371643933,-0.06718304758358634
mistral_7b,truthfulqa,0,V_pos_minus_V_neg,326,0.42101118958080697,0.4808197151093449,-0.05980852552853794
mistral_7b,truthfulqa,0,logprob_margin,326,0.42101118958080697,0.17185169587697796,0.249159493703829
mistral_7b,truthfulqa,0,ntok,326,0.42101118958080697,0.5167134985407444,-0.09570230895993748
mistral_7b,truthfulqa,0,hidden_state_answer_probe,326,0.42101118958080697,0.38487844315309616,0.036132746427710805
mistral_7b,truthfulqa,1,verbalized_confidence,326,0.4090146258581203,0.46765637421346523,-0.058641748355344914
mistral_7b,truthfulqa,1,V_pos_minus_V_neg,326,0.4090146258581203,0.47439039669144234,-0.06537577083332202
mistral_7b,truthfulqa,1,logprob_margin,326,0.4090146258581203,0.17646201029998815,0.23255261555813217
mistral_7b,truthfulqa,1,ntok,326,0.4090146258581203,0.4856010713989122,-0.07658644554079186
mistral_7b,truthfulqa,1,hidden_state_answer_probe,326,0.4090146258581203,0.42176841471909454,-0.012753788860974224
mistral_7b,truthfulqa,2,verbalized_confidence,326,0.3750433802409796,0.48442980763124166,-0.10938642739026205
mistral_7b,truthfulqa,2,V_pos_minus_V_neg,326,0.3750433802409796,0.44223560328506534,-0.06719222304408573
mistral_7b,truthfulqa,2,logprob_margin,326,0.3750433802409796,0.17185169587697796,0.20319168436400165
mistral_7b,truthfulqa,2,ntok,326,0.3750433802409796,0.4928666459323104,-0.11782326569133078
mistral_7b,truthfulqa,2,hidden_state_answer_probe,326,0.3750433802409796,0.372598560037753,0.0024448202032266164
qwen2_5_7b,pavlick_nli,0,verbalized_confidence,198,0.0424556889690849,0.04475875383729426,-0.002303064868209359
qwen2_5_7b,pavlick_nli,0,V_pos_minus_V_neg,198,0.0424556889690849,0.048942996821811226,-0.006487307852726325
qwen2_5_7b,pavlick_nli,0,logprob_margin,198,0.0424556889690849,0.013346016947300835,0.029109672021784064
qwen2_5_7b,pavlick_nli,0,ntok,198,0.0424556889690849,0.20263000969661393,-0.16017432072752902
qwen2_5_7b,pavlick_nli,0,hidden_state_answer_probe,198,0.0424556889690849,0.014779891499094484,0.027675797469990417
qwen2_5_7b,pavlick_nli,1,verbalized_confidence,198,0.07021455925283285,0.08226629198651363,-0.012051732733680778
qwen2_5_7b,pavlick_nli,1,V_pos_minus_V_neg,198,0.07021455925283285,0.06154293321633108,0.008671626036501769
qwen2_5_7b,pavlick_nli,1,logprob_margin,198,0.07021455925283285,0.020206385815303513,0.050008173437529335
qwen2_5_7b,pavlick_nli,1,ntok,198,0.07021455925283285,0.2266438483426699,-0.15642928908983705
qwen2_5_7b,pavlick_nli,1,hidden_state_answer_probe,198,0.07021455925283285,0.023790396187103796,0.04642416306572905
qwen2_5_7b,pavlick_nli,2,verbalized_confidence,198,0.039473997332165466,0.06624263909506453,-0.026768641762899066
qwen2_5_7b,pavlick_nli,2,V_pos_minus_V_neg,198,0.039473997332165466,0.06129706898516448,-0.021823071652999015
qwen2_5_7b,pavlick_nli,2,logprob_margin,198,0.039473997332165466,0.014233862124958682,0.025240135207206783
qwen2_5_7b,pavlick_nli,2,ntok,198,0.039473997332165466,0.2066053080730393,-0.16713131074087384
qwen2_5_7b,pavlick_nli,2,hidden_state_answer_probe,198,0.039473997332165466,0.01588896825337173,0.023585029078793736
qwen2_5_7b,truthfulqa,0,verbalized_confidence,326,0.43204507546173404,0.3660574019823462,0.06598767347938783
qwen2_5_7b,truthfulqa,0,V_pos_minus_V_neg,326,0.43204507546173404,0.28993836693532976,0.14210670852640428
qwen2_5_7b,truthfulqa,0,logprob_margin,326,0.43204507546173404,0.1628675461759206,0.2691775292858134
qwen2_5_7b,truthfulqa,0,ntok,326,0.43204507546173404,0.5400635431089961,-0.10801846764726203
qwen2_5_7b,truthfulqa,0,hidden_state_answer_probe,326,0.43204507546173404,0.3582355536262332,0.07380952183550082
qwen2_5_7b,truthfulqa,1,verbalized_confidence,326,0.43983728629069535,0.3894165007169844,0.050420785573710936
qwen2_5_7b,truthfulqa,1,V_pos_minus_V_neg,326,0.43983728629069535,0.3118100195605175,0.12802726673017784
qwen2_5_7b,truthfulqa,1,logprob_margin,326,0.43983728629069535,0.18115252211344854,0.25868476417724684
qwen2_5_7b,truthfulqa,1,ntok,326,0.43983728629069535,0.4864587409088807,-0.04662145461818534
qwen2_5_7b,truthfulqa,1,hidden_state_answer_probe,326,0.43983728629069535,0.3784974182404011,0.06133986805029423
qwen2_5_7b,truthfulqa,2,verbalized_confidence,326,0.3708198929412142,0.34041913109033733,0.030400761850876867
qwen2_5_7b,truthfulqa,2,V_pos_minus_V_neg,326,0.3708198929412142,0.3144564900464808,0.056363402894733405
qwen2_5_7b,truthfulqa,2,logprob_margin,326,0.3708198929412142,0.152070583878426,0.2187493090627882
qwen2_5_7b,truthfulqa,2,ntok,326,0.3708198929412142,0.47996813938463345,-0.10914824644341925
qwen2_5_7b,truthfulqa,2,hidden_state_answer_probe,326,0.3708198929412142,0.31666218395559165,0.054157708985622555
