method,aurc,coverage_at_acc_80,coverage_at_acc_90,n,model_key,dataset,seed
probe_pred_only,0.32181985485983766,0.4152462121212121,0.2684659090909091,2112,llama3_8b,ambigqa_kge2,0
logit_pred,0.32181985485983766,0.4152462121212121,0.2684659090909091,2112,llama3_8b,ambigqa_kge2,0
gap,0.3349939748955017,0.37926136363636365,0.21875,2112,llama3_8b,ambigqa_kge2,0
phillips_sum,0.4034632207866547,0.056818181818181816,0.02462121212121212,2112,llama3_8b,ambigqa_kge2,0
probe_amb_only,0.6498215865217571,0.0,0.0,2112,llama3_8b,ambigqa_kge2,0
logprob,0.6576456656757544,0.0,0.0,2112,llama3_8b,ambigqa_kge2,0
seq_entropy,0.6581962209014797,0.0,0.0,2112,llama3_8b,ambigqa_kge2,0
probe_pred_only,0.3197666886393621,0.4133522727272727,0.2821969696969697,2112,llama3_8b,ambigqa_kge2,1
logit_pred,0.3197666886393621,0.4133522727272727,0.2821969696969697,2112,llama3_8b,ambigqa_kge2,1
gap,0.3328553731368898,0.3816287878787879,0.2334280303030303,2112,llama3_8b,ambigqa_kge2,1
phillips_sum,0.4259107324927641,0.041666666666666664,0.020359848484848484,2112,llama3_8b,ambigqa_kge2,1
probe_amb_only,0.656444074132599,0.0,0.0,2112,llama3_8b,ambigqa_kge2,1
logprob,0.6681288038674873,0.0,0.0,2112,llama3_8b,ambigqa_kge2,1
seq_entropy,0.6688064988762039,0.0,0.0,2112,llama3_8b,ambigqa_kge2,1
probe_pred_only,0.3237856380882069,0.4133522727272727,0.2608901515151515,2112,llama3_8b,ambigqa_kge2,2
logit_pred,0.3237856380882069,0.4133522727272727,0.2608901515151515,2112,llama3_8b,ambigqa_kge2,2
gap,0.33579654498639294,0.3816287878787879,0.21827651515151514,2112,llama3_8b,ambigqa_kge2,2
phillips_sum,0.39779101809769624,0.047821969696969696,0.024147727272727272,2112,llama3_8b,ambigqa_kge2,2
probe_amb_only,0.6387187132034324,0.0,0.0,2112,llama3_8b,ambigqa_kge2,2
seq_entropy,0.6724213688295464,0.0,0.0,2112,llama3_8b,ambigqa_kge2,2
logprob,0.6733779159453159,0.0,0.0,2112,llama3_8b,ambigqa_kge2,2
probe_pred_only,0.490545376602574,0.034261241970021415,0.0036402569593147753,4670,llama3_8b,chaosnli,0
logit_pred,0.490545376602574,0.034261241970021415,0.0036402569593147753,4670,llama3_8b,chaosnli,0
phillips_sum,0.5416225296931201,0.01284796573875803,0.00021413276231263382,4670,llama3_8b,chaosnli,0
gap,0.5610582035143927,0.003854389721627409,0.00021413276231263382,4670,llama3_8b,chaosnli,0
logprob,0.6251914549782426,0.00021413276231263382,0.00021413276231263382,4670,llama3_8b,chaosnli,0
probe_amb_only,0.6651789738416592,0.00021413276231263382,0.00021413276231263382,4670,llama3_8b,chaosnli,0
probe_pred_only,0.49836593711295146,0.03854389721627409,0.0,4670,llama3_8b,chaosnli,1
logit_pred,0.49836593711295146,0.03854389721627409,0.0,4670,llama3_8b,chaosnli,1
phillips_sum,0.5444954439562543,0.022055674518201285,0.00021413276231263382,4670,llama3_8b,chaosnli,1
gap,0.5866277275522255,0.0006423982869379015,0.0006423982869379015,4670,llama3_8b,chaosnli,1
logprob,0.6194483368199272,0.00021413276231263382,0.00021413276231263382,4670,llama3_8b,chaosnli,1
probe_amb_only,0.6560387978661533,0.0,0.0,4670,llama3_8b,chaosnli,1
probe_pred_only,0.4890593759281541,0.006852248394004282,0.004282655246252677,4670,llama3_8b,chaosnli,2
logit_pred,0.4890593759281541,0.006852248394004282,0.004282655246252677,4670,llama3_8b,chaosnli,2
phillips_sum,0.5473701543706055,0.006852248394004282,0.00021413276231263382,4670,llama3_8b,chaosnli,2
gap,0.5762398587116759,0.0010706638115631692,0.0006423982869379015,4670,llama3_8b,chaosnli,2
logprob,0.624124944157656,0.0,0.0,4670,llama3_8b,chaosnli,2
probe_amb_only,0.6556828364835225,0.0,0.0,4670,llama3_8b,chaosnli,2
probe_pred_only,0.300731619346413,0.4165,0.37016666666666664,12000,llama3_8b,halueval_qa,0
logit_pred,0.300731619346413,0.4165,0.37016666666666664,12000,llama3_8b,halueval_qa,0
gap,0.30110377993264303,0.4165,0.36975,12000,llama3_8b,halueval_qa,0
phillips_sum,0.30120235658281574,0.4165,0.37025,12000,llama3_8b,halueval_qa,0
probe_amb_only,0.6491993987672479,0.01925,0.0045,12000,llama3_8b,halueval_qa,0
logprob,0.6670761395804763,0.0,0.0,12000,llama3_8b,halueval_qa,0
seq_entropy,0.6686134784440736,0.0,0.0,12000,llama3_8b,halueval_qa,0
probe_pred_only,0.3007101566602768,0.4165,0.37016666666666664,12000,llama3_8b,halueval_qa,1
logit_pred,0.3007101566602768,0.4165,0.37016666666666664,12000,llama3_8b,halueval_qa,1
gap,0.3009900444433492,0.4165,0.3700833333333333,12000,llama3_8b,halueval_qa,1
phillips_sum,0.3011602936188249,0.4165,0.37025,12000,llama3_8b,halueval_qa,1
probe_amb_only,0.6552287422920923,0.017083333333333332,0.005166666666666667,12000,llama3_8b,halueval_qa,1
seq_entropy,0.6697145386037501,0.0,0.0,12000,llama3_8b,halueval_qa,1
logprob,0.6707371676933473,0.0,0.0,12000,llama3_8b,halueval_qa,1
probe_pred_only,0.3006973161050576,0.4166666666666667,0.37025,12000,llama3_8b,halueval_qa,2
logit_pred,0.3006973161050576,0.4166666666666667,0.37025,12000,llama3_8b,halueval_qa,2
gap,0.301002595632848,0.4166666666666667,0.37,12000,llama3_8b,halueval_qa,2
phillips_sum,0.3012645041215558,0.4166666666666667,0.37033333333333335,12000,llama3_8b,halueval_qa,2
probe_amb_only,0.6476793578326051,0.0215,0.009666666666666667,12000,llama3_8b,halueval_qa,2
logprob,0.6633842656785549,0.0,0.0,12000,llama3_8b,halueval_qa,2
seq_entropy,0.6643512061194323,0.0,0.0,12000,llama3_8b,halueval_qa,2
probe_pred_only,0.34332630711838236,0.33228532128119476,0.24064976747232594,15267,llama3_8b,medqa,0
logit_pred,0.34332630711838236,0.33228532128119476,0.24064976747232594,15267,llama3_8b,medqa,0
logprob,0.35167233536286885,0.3165651404991157,0.21327045261020502,15267,llama3_8b,medqa,0
phillips_sum,0.48771803372951406,0.08122093404074147,0.018143708652649505,15267,llama3_8b,medqa,0
gap,0.5045765031819514,0.03864544442261086,0.004585052728106373,15267,llama3_8b,medqa,0
probe_amb_only,0.6479200266338687,0.0,0.0,15267,llama3_8b,medqa,0
probe_pred_only,0.3443259428168647,0.33117180847579747,0.2347546996790463,15267,llama3_8b,medqa,1
logit_pred,0.3443259428168647,0.33117180847579747,0.2347546996790463,15267,llama3_8b,medqa,1
logprob,0.3526498551801872,0.3115215824981987,0.21156743302547978,15267,llama3_8b,medqa,1
phillips_sum,0.49247752579649173,0.07467085871487522,0.015261675509268357,15267,llama3_8b,medqa,1
gap,0.503320383854799,0.03209536909674461,0.0008515097923626121,15267,llama3_8b,medqa,1
probe_amb_only,0.6545528937685392,0.0,0.0,15267,llama3_8b,medqa,1
probe_pred_only,0.34366244252304323,0.33123730922905614,0.23848824261479007,15267,llama3_8b,medqa,2
logit_pred,0.34366244252304323,0.33123730922905614,0.23848824261479007,15267,llama3_8b,medqa,2
logprob,0.3524100192678108,0.3115215824981987,0.21163293377873846,15267,llama3_8b,medqa,2
phillips_sum,0.49322547431663094,0.07467085871487522,0.017554201873321542,15267,llama3_8b,medqa,2
gap,0.5031440816259085,0.041985982838802643,0.011200628807231282,15267,llama3_8b,medqa,2
probe_amb_only,0.651677282640526,0.0,0.0,15267,llama3_8b,medqa,2
probe_pred_only,0.3683750812276601,0.2916666666666667,0.15456989247311828,744,llama3_8b,pavlick_nli,0
logit_pred,0.3683750812276601,0.2916666666666667,0.15456989247311828,744,llama3_8b,pavlick_nli,0
phillips_sum,0.3932509571873621,0.2553763440860215,0.1774193548387097,744,llama3_8b,pavlick_nli,0
gap,0.426358974938693,0.04032258064516129,0.0,744,llama3_8b,pavlick_nli,0
logprob,0.5337079546780945,0.033602150537634407,0.01881720430107527,744,llama3_8b,pavlick_nli,0
probe_amb_only,0.6714552868333998,0.0,0.0,744,llama3_8b,pavlick_nli,0
probe_pred_only,0.36142418291949047,0.31989247311827956,0.16532258064516128,744,llama3_8b,pavlick_nli,1
logit_pred,0.36142418291949047,0.31989247311827956,0.16532258064516128,744,llama3_8b,pavlick_nli,1
phillips_sum,0.38373233169402965,0.29301075268817206,0.1639784946236559,744,llama3_8b,pavlick_nli,1
gap,0.4232605770154443,0.08064516129032258,0.0,744,llama3_8b,pavlick_nli,1
logprob,0.5355511181464417,0.01747311827956989,0.016129032258064516,744,llama3_8b,pavlick_nli,1
probe_amb_only,0.6812626426170894,0.0,0.0,744,llama3_8b,pavlick_nli,1
probe_pred_only,0.3673321919637571,0.31048387096774194,0.18010752688172044,744,llama3_8b,pavlick_nli,2
logit_pred,0.3673321919637571,0.31048387096774194,0.18010752688172044,744,llama3_8b,pavlick_nli,2
phillips_sum,0.40023913046872145,0.25268817204301075,0.1693548387096774,744,llama3_8b,pavlick_nli,2
gap,0.4504942584213667,0.0,0.0,744,llama3_8b,pavlick_nli,2
logprob,0.5291536727551005,0.016129032258064516,0.01478494623655914,744,llama3_8b,pavlick_nli,2
probe_amb_only,0.6778451433842785,0.0,0.0,744,llama3_8b,pavlick_nli,2
probe_pred_only,0.3861620539819665,0.23377914332188687,0.14241821796493764,11066,llama3_8b,popqa,0
logit_pred,0.3861620539819665,0.23377914332188687,0.14241821796493764,11066,llama3_8b,popqa,0
phillips_sum,0.5105431202084216,0.05512380263871317,0.0036146755828664378,11066,llama3_8b,popqa,0
gap,0.5650797403934891,0.0094885234050244,0.003072474245436472,11066,llama3_8b,popqa,0
probe_amb_only,0.6204402417995436,0.0004518344478583047,0.0,11066,llama3_8b,popqa,0
seq_entropy,0.6669875860613231,9.036688957166094e-05,9.036688957166094e-05,11066,llama3_8b,popqa,0
logprob,0.6673402571093021,9.036688957166094e-05,9.036688957166094e-05,11066,llama3_8b,popqa,0
probe_pred_only,0.3826325046297364,0.24281583227905296,0.14756913067052232,11066,llama3_8b,popqa,1
logit_pred,0.3826325046297364,0.24281583227905296,0.14756913067052232,11066,llama3_8b,popqa,1
phillips_sum,0.507308595494365,0.05376829929513826,0.0037050424724380986,11066,llama3_8b,popqa,1
gap,0.5625432462343557,0.010844026748599312,0.0037954093620097594,11066,llama3_8b,popqa,1
probe_amb_only,0.6205186571802564,9.036688957166094e-05,9.036688957166094e-05,11066,llama3_8b,popqa,1
seq_entropy,0.6638633568785952,9.036688957166094e-05,9.036688957166094e-05,11066,llama3_8b,popqa,1
logprob,0.6650379713933018,9.036688957166094e-05,9.036688957166094e-05,11066,llama3_8b,popqa,1
probe_pred_only,0.3848422488790918,0.23838785469004156,0.13130309054762335,11066,llama3_8b,popqa,2
logit_pred,0.3848422488790918,0.23838785469004156,0.13130309054762335,11066,llama3_8b,popqa,2
phillips_sum,0.5086540929165695,0.05611783842400145,0.00289174046629315,11066,llama3_8b,popqa,2
gap,0.5662163955339421,0.008133020061449486,0.0024399060184348456,11066,llama3_8b,popqa,2
probe_amb_only,0.6170679331438198,0.0007229351165732876,9.036688957166094e-05,11066,llama3_8b,popqa,2
logprob,0.6658414063260901,0.0,0.0,11066,llama3_8b,popqa,2
seq_entropy,0.6664874013860065,0.0,0.0,11066,llama3_8b,popqa,2
probe_pred_only,0.3475067790816369,0.3406666666666667,0.24666666666666667,1500,llama3_8b,pubmedqa,0
logit_pred,0.3475067790816369,0.3406666666666667,0.24666666666666667,1500,llama3_8b,pubmedqa,0
gap,0.362751373322677,0.3373333333333333,0.26,1500,llama3_8b,pubmedqa,0
logprob,0.39100373374208625,0.24533333333333332,0.08933333333333333,1500,llama3_8b,pubmedqa,0
phillips_sum,0.443875294874828,0.0,0.0,1500,llama3_8b,pubmedqa,0
probe_amb_only,0.7316044366100671,0.0,0.0,1500,llama3_8b,pubmedqa,0
probe_pred_only,0.3436974140684175,0.3506666666666667,0.262,1500,llama3_8b,pubmedqa,1
logit_pred,0.3436974140684175,0.3506666666666667,0.262,1500,llama3_8b,pubmedqa,1
gap,0.3530890763736937,0.35,0.272,1500,llama3_8b,pubmedqa,1
logprob,0.3821167474860722,0.2613333333333333,0.12066666666666667,1500,llama3_8b,pubmedqa,1
phillips_sum,0.4524891005559938,0.0,0.0,1500,llama3_8b,pubmedqa,1
probe_amb_only,0.7612370453221708,0.0,0.0,1500,llama3_8b,pubmedqa,1
probe_pred_only,0.3473761361869302,0.3353333333333333,0.24533333333333332,1500,llama3_8b,pubmedqa,2
logit_pred,0.3473761361869302,0.3353333333333333,0.24533333333333332,1500,llama3_8b,pubmedqa,2
gap,0.3592301538191019,0.338,0.26266666666666666,1500,llama3_8b,pubmedqa,2
logprob,0.39102735532900873,0.24733333333333332,0.088,1500,llama3_8b,pubmedqa,2
phillips_sum,0.4534991991275326,0.0006666666666666666,0.0006666666666666666,1500,llama3_8b,pubmedqa,2
probe_amb_only,0.7459797095154035,0.0,0.0,1500,llama3_8b,pubmedqa,2
probe_pred_only,0.3049592435084628,0.4116666666666667,0.36041666666666666,12000,llama3_8b,triviaqa,0
logit_pred,0.3049592435084628,0.4116666666666667,0.36041666666666666,12000,llama3_8b,triviaqa,0
gap,0.3072747310789547,0.40858333333333335,0.3501666666666667,12000,llama3_8b,triviaqa,0
phillips_sum,0.3075763698756335,0.40675,0.35225,12000,llama3_8b,triviaqa,0
probe_amb_only,0.5989148864000253,0.0,0.0,12000,llama3_8b,triviaqa,0
seq_entropy,0.6618449921571083,8.333333333333333e-05,8.333333333333333e-05,12000,llama3_8b,triviaqa,0
logprob,0.6634087418073464,8.333333333333333e-05,8.333333333333333e-05,12000,llama3_8b,triviaqa,0
probe_pred_only,0.3042994433759997,0.41275,0.36283333333333334,12000,llama3_8b,triviaqa,1
logit_pred,0.3042994433759997,0.41275,0.36283333333333334,12000,llama3_8b,triviaqa,1
phillips_sum,0.30638773781628925,0.4105,0.3561666666666667,12000,llama3_8b,triviaqa,1
gap,0.3066281445094264,0.4096666666666667,0.35425,12000,llama3_8b,triviaqa,1
probe_amb_only,0.5960666630881655,0.0,0.0,12000,llama3_8b,triviaqa,1
seq_entropy,0.6687812096131526,8.333333333333333e-05,8.333333333333333e-05,12000,llama3_8b,triviaqa,1
logprob,0.6699166654881906,8.333333333333333e-05,8.333333333333333e-05,12000,llama3_8b,triviaqa,1
probe_pred_only,0.3046384055806555,0.41175,0.36141666666666666,12000,llama3_8b,triviaqa,2
logit_pred,0.3046384055806555,0.41175,0.36141666666666666,12000,llama3_8b,triviaqa,2
gap,0.3066663965879576,0.40858333333333335,0.3536666666666667,12000,llama3_8b,triviaqa,2
phillips_sum,0.3074051292933036,0.4075,0.35175,12000,llama3_8b,triviaqa,2
probe_amb_only,0.5966829521534028,0.0,0.0,12000,llama3_8b,triviaqa,2
seq_entropy,0.6668015871005829,8.333333333333333e-05,8.333333333333333e-05,12000,llama3_8b,triviaqa,2
logprob,0.6673811529776983,8.333333333333333e-05,8.333333333333333e-05,12000,llama3_8b,triviaqa,2
probe_pred_only,0.3380518832470114,0.3107667210440457,0.2553017944535073,1226,llama3_8b,truthfulqa,0
logit_pred,0.3380518832470114,0.3107667210440457,0.2553017944535073,1226,llama3_8b,truthfulqa,0
gap,0.45759280637445654,0.16721044045676997,0.1166394779771615,1226,llama3_8b,truthfulqa,0
phillips_sum,0.5005242408464341,0.02936378466557912,0.01468189233278956,1226,llama3_8b,truthfulqa,0
probe_amb_only,0.6575257114755806,0.0,0.0,1226,llama3_8b,truthfulqa,0
logprob,0.6634127617345356,0.0008156606851549756,0.0008156606851549756,1226,llama3_8b,truthfulqa,0
seq_entropy,0.6637574224053238,0.0008156606851549756,0.0008156606851549756,1226,llama3_8b,truthfulqa,0
probe_pred_only,0.31514246626374154,0.3923327895595432,0.3189233278955954,1226,llama3_8b,truthfulqa,1
logit_pred,0.31514246626374154,0.3923327895595432,0.3189233278955954,1226,llama3_8b,truthfulqa,1
gap,0.4300806252647343,0.200652528548124,0.1500815660685155,1226,llama3_8b,truthfulqa,1
phillips_sum,0.4535199986492215,0.10195758564437195,0.048939641109298535,1226,llama3_8b,truthfulqa,1
probe_amb_only,0.6462340530467173,0.0008156606851549756,0.0008156606851549756,1226,llama3_8b,truthfulqa,1
seq_entropy,0.6590577338278659,0.0008156606851549756,0.0008156606851549756,1226,llama3_8b,truthfulqa,1
logprob,0.6632065212510421,0.0008156606851549756,0.0008156606851549756,1226,llama3_8b,truthfulqa,1
probe_pred_only,0.3166123900111034,0.3939641109298532,0.3181076672104405,1226,llama3_8b,truthfulqa,2
logit_pred,0.3166123900111034,0.3939641109298532,0.3181076672104405,1226,llama3_8b,truthfulqa,2
gap,0.44649911735238446,0.17128874388254486,0.12561174551386622,1226,llama3_8b,truthfulqa,2
phillips_sum,0.4497875198745512,0.09869494290375204,0.05791190864600326,1226,llama3_8b,truthfulqa,2
probe_amb_only,0.6337993779027224,0.0008156606851549756,0.0008156606851549756,1226,llama3_8b,truthfulqa,2
seq_entropy,0.6530671255855269,0.0008156606851549756,0.0008156606851549756,1226,llama3_8b,truthfulqa,2
logprob,0.655368386880817,0.0008156606851549756,0.0008156606851549756,1226,llama3_8b,truthfulqa,2
probe_pred_only,0.3257654219456334,0.4119318181818182,0.27178030303030304,2112,mistral_7b,ambigqa_kge2,0
logit_pred,0.3257654219456334,0.4119318181818182,0.27178030303030304,2112,mistral_7b,ambigqa_kge2,0
gap,0.33776446818812744,0.3787878787878788,0.25,2112,mistral_7b,ambigqa_kge2,0
phillips_sum,0.4143402939861173,0.036458333333333336,0.015625,2112,mistral_7b,ambigqa_kge2,0
probe_amb_only,0.6261803747025824,0.0004734848484848485,0.0004734848484848485,2112,mistral_7b,ambigqa_kge2,0
logprob,0.6621241043054134,0.0004734848484848485,0.0004734848484848485,2112,mistral_7b,ambigqa_kge2,0
seq_entropy,0.663002761878495,0.0004734848484848485,0.0004734848484848485,2112,mistral_7b,ambigqa_kge2,0
probe_pred_only,0.3256902108315415,0.41051136363636365,0.2689393939393939,2112,mistral_7b,ambigqa_kge2,1
logit_pred,0.3256902108315415,0.41051136363636365,0.2689393939393939,2112,mistral_7b,ambigqa_kge2,1
gap,0.33765132444761387,0.3693181818181818,0.23816287878787878,2112,mistral_7b,ambigqa_kge2,1
phillips_sum,0.4170200573368257,0.034564393939393936,0.011363636363636364,2112,mistral_7b,ambigqa_kge2,1
probe_amb_only,0.6082028010941469,0.0,0.0,2112,mistral_7b,ambigqa_kge2,1
logprob,0.6615275741321389,0.0004734848484848485,0.0004734848484848485,2112,mistral_7b,ambigqa_kge2,1
seq_entropy,0.6621740736576606,0.0004734848484848485,0.0004734848484848485,2112,mistral_7b,ambigqa_kge2,1
probe_pred_only,0.32669021935021836,0.4081439393939394,0.26799242424242425,2112,mistral_7b,ambigqa_kge2,2
logit_pred,0.32669021935021836,0.4081439393939394,0.26799242424242425,2112,mistral_7b,ambigqa_kge2,2
gap,0.33915181827440993,0.3697916666666667,0.23863636363636365,2112,mistral_7b,ambigqa_kge2,2
phillips_sum,0.4212619304885087,0.034564393939393936,0.022727272727272728,2112,mistral_7b,ambigqa_kge2,2
probe_amb_only,0.578185708962715,0.0,0.0,2112,mistral_7b,ambigqa_kge2,2
logprob,0.6733508958712886,0.0,0.0,2112,mistral_7b,ambigqa_kge2,2
seq_entropy,0.673978536133172,0.0,0.0,2112,mistral_7b,ambigqa_kge2,2
probe_pred_only,0.45991308005249826,0.07408993576017131,0.008779443254817988,4670,mistral_7b,chaosnli,0
logit_pred,0.45991320881543407,0.07408993576017131,0.008779443254817988,4670,mistral_7b,chaosnli,0
phillips_sum,0.5103529055278901,0.01284796573875803,0.0021413276231263384,4670,mistral_7b,chaosnli,0
gap,0.520310454813976,0.0,0.0,4670,mistral_7b,chaosnli,0
logprob,0.5705592328377171,0.0021413276231263384,0.00042826552462526765,4670,mistral_7b,chaosnli,0
probe_amb_only,0.6771214675212153,0.0,0.0,4670,mistral_7b,chaosnli,0
probe_pred_only,0.462984381175765,0.07066381156316917,0.004496788008565311,4670,mistral_7b,chaosnli,1
logit_pred,0.462984381175765,0.07066381156316917,0.004496788008565311,4670,mistral_7b,chaosnli,1
phillips_sum,0.5048820973748689,0.03468950749464668,0.004282655246252677,4670,mistral_7b,chaosnli,1
gap,0.5353370461431544,0.0,0.0,4670,mistral_7b,chaosnli,1
logprob,0.572543596066021,0.0010706638115631692,0.00021413276231263382,4670,mistral_7b,chaosnli,1
probe_amb_only,0.6702372178726433,0.0,0.0,4670,mistral_7b,chaosnli,1
probe_pred_only,0.4656284561948673,0.061241970021413274,0.004925053533190578,4670,mistral_7b,chaosnli,2
logit_pred,0.4656284561948673,0.061241970021413274,0.004925053533190578,4670,mistral_7b,chaosnli,2
phillips_sum,0.5099013981889888,0.021413276231263382,0.0021413276231263384,4670,mistral_7b,chaosnli,2
gap,0.5333603095463757,0.0,0.0,4670,mistral_7b,chaosnli,2
logprob,0.5787454931265883,0.0014989293361884369,0.0006423982869379015,4670,mistral_7b,chaosnli,2
probe_amb_only,0.6727529227127558,0.0,0.0,4670,mistral_7b,chaosnli,2
probe_pred_only,0.30111976815662767,0.41608333333333336,0.36975,12000,mistral_7b,halueval_qa,0
logit_pred,0.30111976815662767,0.41608333333333336,0.36975,12000,mistral_7b,halueval_qa,0
gap,0.3022448057437881,0.41608333333333336,0.36883333333333335,12000,mistral_7b,halueval_qa,0
phillips_sum,0.3024664748404938,0.41641666666666666,0.36966666666666664,12000,mistral_7b,halueval_qa,0
probe_amb_only,0.6111427295828296,0.05341666666666667,0.02266666666666667,12000,mistral_7b,halueval_qa,0
seq_entropy,0.667515450619915,8.333333333333333e-05,8.333333333333333e-05,12000,mistral_7b,halueval_qa,0
logprob,0.6677653347252932,8.333333333333333e-05,8.333333333333333e-05,12000,mistral_7b,halueval_qa,0
probe_pred_only,0.301135575586167,0.41625,0.36983333333333335,12000,mistral_7b,halueval_qa,1
logit_pred,0.301135575586167,0.41625,0.36983333333333335,12000,mistral_7b,halueval_qa,1
gap,0.3021793745737571,0.41608333333333336,0.36933333333333335,12000,mistral_7b,halueval_qa,1
phillips_sum,0.30253177484376703,0.4166666666666667,0.36975,12000,mistral_7b,halueval_qa,1
probe_amb_only,0.6064940862453404,0.05433333333333333,0.02033333333333333,12000,mistral_7b,halueval_qa,1
seq_entropy,0.6672195815454965,8.333333333333333e-05,8.333333333333333e-05,12000,mistral_7b,halueval_qa,1
logprob,0.6679024819549935,8.333333333333333e-05,8.333333333333333e-05,12000,mistral_7b,halueval_qa,1
probe_pred_only,0.30112904892043274,0.41633333333333333,0.3695833333333333,12000,mistral_7b,halueval_qa,2
logit_pred,0.30112904892043274,0.41633333333333333,0.3695833333333333,12000,mistral_7b,halueval_qa,2
gap,0.30215825205859587,0.41633333333333333,0.36925,12000,mistral_7b,halueval_qa,2
phillips_sum,0.30264884017367977,0.41641666666666666,0.36925,12000,mistral_7b,halueval_qa,2
probe_amb_only,0.6102786747826879,0.05583333333333333,0.026083333333333333,12000,mistral_7b,halueval_qa,2
seq_entropy,0.6648280019308808,0.0,0.0,12000,mistral_7b,halueval_qa,2
logprob,0.6659945416528128,0.0,0.0,12000,mistral_7b,halueval_qa,2
probe_pred_only,0.4320588124060221,0.13218052007598088,0.053841619178620556,15267,mistral_7b,medqa,0
logit_pred,0.4320588421772114,0.13218052007598088,0.053841619178620556,15267,mistral_7b,medqa,0
logprob,0.4850260392058017,0.00923560620947141,6.550075325866247e-05,15267,mistral_7b,medqa,0
phillips_sum,0.5843795216433965,6.550075325866247e-05,6.550075325866247e-05,15267,mistral_7b,medqa,0
gap,0.594993862456487,0.0,0.0,15267,mistral_7b,medqa,0
probe_amb_only,0.6596875546357526,0.0,0.0,15267,mistral_7b,medqa,0
probe_pred_only,0.43350382835440304,0.1319840178162049,0.05240060260692998,15267,mistral_7b,medqa,1
logit_pred,0.43350389032294917,0.1319840178162049,0.05240060260692998,15267,mistral_7b,medqa,1
logprob,0.4855648363737474,0.00923560620947141,0.00013100150651732494,15267,mistral_7b,medqa,1
phillips_sum,0.5800000372554804,0.0,0.0,15267,mistral_7b,medqa,1
gap,0.5895357537851564,6.550075325866247e-05,6.550075325866247e-05,15267,mistral_7b,medqa,1
probe_amb_only,0.6594728232338379,0.0,0.0,15267,mistral_7b,medqa,1
probe_pred_only,0.4349752925106775,0.1192113709307657,0.04794655138534093,15267,mistral_7b,medqa,2
logit_pred,0.4349752925106775,0.1192113709307657,0.04794655138534093,15267,mistral_7b,medqa,2
logprob,0.48306977999637357,0.00032750376629331237,0.00019650225977598743,15267,mistral_7b,medqa,2
gap,0.5854594806459371,0.0006550075325866247,0.0,15267,mistral_7b,medqa,2
phillips_sum,0.5887143800374252,0.0,0.0,15267,mistral_7b,medqa,2
probe_amb_only,0.6655693187796213,0.0,0.0,15267,mistral_7b,medqa,2
probe_pred_only,0.35587175033944074,0.3172043010752688,0.20295698924731181,744,mistral_7b,pavlick_nli,0
logit_pred,0.35587175033944074,0.3172043010752688,0.20295698924731181,744,mistral_7b,pavlick_nli,0
phillips_sum,0.376529658249128,0.2970430107526882,0.1989247311827957,744,mistral_7b,pavlick_nli,0
gap,0.3819983199408312,0.19086021505376344,0.12096774193548387,744,mistral_7b,pavlick_nli,0
logprob,0.39030884495782436,0.2163978494623656,0.06854838709677419,744,mistral_7b,pavlick_nli,0
probe_amb_only,0.701366950792311,0.0,0.0,744,mistral_7b,pavlick_nli,0
probe_pred_only,0.34875322232785533,0.3467741935483871,0.2325268817204301,744,mistral_7b,pavlick_nli,1
logit_pred,0.34875322232785533,0.3467741935483871,0.2325268817204301,744,mistral_7b,pavlick_nli,1
phillips_sum,0.3634570769428902,0.33736559139784944,0.22983870967741934,744,mistral_7b,pavlick_nli,1
gap,0.37266512814982833,0.23790322580645162,0.13978494623655913,744,mistral_7b,pavlick_nli,1
logprob,0.38937470336523744,0.17473118279569894,0.06182795698924731,744,mistral_7b,pavlick_nli,1
probe_amb_only,0.6967369453681427,0.0,0.0,744,mistral_7b,pavlick_nli,1
probe_pred_only,0.35763672850519856,0.3239247311827957,0.20698924731182797,744,mistral_7b,pavlick_nli,2
logit_pred,0.35763672850519856,0.3239247311827957,0.20698924731182797,744,mistral_7b,pavlick_nli,2
phillips_sum,0.3691538261917855,0.31048387096774194,0.20833333333333334,744,mistral_7b,pavlick_nli,2
gap,0.3859657989586009,0.21505376344086022,0.11424731182795698,744,mistral_7b,pavlick_nli,2
logprob,0.3921065150429766,0.21505376344086022,0.07123655913978495,744,mistral_7b,pavlick_nli,2
probe_amb_only,0.6909982605323459,0.0,0.0,744,mistral_7b,pavlick_nli,2
probe_pred_only,0.3877698514704631,0.23224290619916862,0.12922465208747516,11066,mistral_7b,popqa,0
logit_pred,0.38776987264854834,0.23224290619916862,0.12922465208747516,11066,mistral_7b,popqa,0
phillips_sum,0.5054898194767015,0.05611783842400145,0.02195915416591361,11066,mistral_7b,popqa,0
gap,0.5693762956467774,0.020332550153623712,0.006506416049159588,11066,mistral_7b,popqa,0
probe_amb_only,0.6178405263744906,0.0037050424724380986,9.036688957166094e-05,11066,mistral_7b,popqa,0
seq_entropy,0.6663404996389559,9.036688957166094e-05,9.036688957166094e-05,11066,mistral_7b,popqa,0
logprob,0.6663614684676253,9.036688957166094e-05,9.036688957166094e-05,11066,mistral_7b,popqa,0
probe_pred_only,0.3887080587573096,0.23242363997831195,0.13130309054762335,11066,mistral_7b,popqa,1
logit_pred,0.3887080587573096,0.23242363997831195,0.13130309054762335,11066,mistral_7b,popqa,1
phillips_sum,0.5051241258556489,0.05602747153442979,0.025302729080065065,11066,mistral_7b,popqa,1
gap,0.5698867095177292,0.0173504427977589,0.0067775167178745705,11066,mistral_7b,popqa,1
probe_amb_only,0.6189376883471358,0.003343574914151455,9.036688957166094e-05,11066,mistral_7b,popqa,1
seq_entropy,0.6621573729354461,9.036688957166094e-05,9.036688957166094e-05,11066,mistral_7b,popqa,1
logprob,0.6623662722107613,0.0,0.0,11066,mistral_7b,popqa,1
probe_pred_only,0.3876042644354321,0.22908006506416048,0.12976685342490513,11066,mistral_7b,popqa,2
logit_pred,0.38760433649834247,0.22908006506416048,0.12976685342490513,11066,mistral_7b,popqa,2
phillips_sum,0.5043166041961405,0.06280498825230435,0.025483462859208387,11066,mistral_7b,popqa,2
gap,0.57237746196603,0.01726007590818724,0.00569311404301464,11066,mistral_7b,popqa,2
probe_amb_only,0.6137638841921352,0.004156876920296404,9.036688957166094e-05,11066,mistral_7b,popqa,2
seq_entropy,0.6683107289963973,9.036688957166094e-05,9.036688957166094e-05,11066,mistral_7b,popqa,2
logprob,0.6688937061959515,0.0,0.0,11066,mistral_7b,popqa,2
probe_pred_only,0.3336497211088277,0.3566666666666667,0.2753333333333333,1500,mistral_7b,pubmedqa,0
logit_pred,0.3336497211088277,0.3566666666666667,0.2753333333333333,1500,mistral_7b,pubmedqa,0
gap,0.3583860991278859,0.33,0.2653333333333333,1500,mistral_7b,pubmedqa,0
logprob,0.4136782560805423,0.19066666666666668,0.0006666666666666666,1500,mistral_7b,pubmedqa,0
phillips_sum,0.44306708382274,0.0013333333333333333,0.0013333333333333333,1500,mistral_7b,pubmedqa,0
probe_amb_only,0.7165045790111112,0.0006666666666666666,0.0006666666666666666,1500,mistral_7b,pubmedqa,0
probe_pred_only,0.330355884777868,0.3606666666666667,0.2813333333333333,1500,mistral_7b,pubmedqa,1
logit_pred,0.330355884777868,0.3606666666666667,0.2813333333333333,1500,mistral_7b,pubmedqa,1
gap,0.35010167160914357,0.3466666666666667,0.274,1500,mistral_7b,pubmedqa,1
logprob,0.40706965816133134,0.194,0.002,1500,mistral_7b,pubmedqa,1
phillips_sum,0.45913723005318124,0.0,0.0,1500,mistral_7b,pubmedqa,1
probe_amb_only,0.748925973854895,0.0,0.0,1500,mistral_7b,pubmedqa,1
probe_pred_only,0.3343185098062976,0.354,0.27,1500,mistral_7b,pubmedqa,2
logit_pred,0.3343185098062976,0.354,0.27,1500,mistral_7b,pubmedqa,2
gap,0.3563368242789803,0.3406666666666667,0.27066666666666667,1500,mistral_7b,pubmedqa,2
logprob,0.4103870327515917,0.19533333333333333,0.0033333333333333335,1500,mistral_7b,pubmedqa,2
phillips_sum,0.4596393802225771,0.0,0.0,1500,mistral_7b,pubmedqa,2
probe_amb_only,0.7284208244312804,0.0,0.0,1500,mistral_7b,pubmedqa,2
probe_pred_only,0.3067142605048616,0.4083333333333333,0.35691666666666666,12000,mistral_7b,triviaqa,0
logit_pred,0.3067142605048616,0.4083333333333333,0.35691666666666666,12000,mistral_7b,triviaqa,0
gap,0.3096976958211154,0.40308333333333335,0.3438333333333333,12000,mistral_7b,triviaqa,0
phillips_sum,0.3105355643301321,0.40358333333333335,0.34391666666666665,12000,mistral_7b,triviaqa,0
probe_amb_only,0.5685992813788763,0.002916666666666667,0.0010833333333333333,12000,mistral_7b,triviaqa,0
seq_entropy,0.6616631045213401,0.0,0.0,12000,mistral_7b,triviaqa,0
logprob,0.6626313292675285,0.0,0.0,12000,mistral_7b,triviaqa,0
probe_pred_only,0.3063033544346261,0.4098333333333333,0.358,12000,mistral_7b,triviaqa,1
logit_pred,0.3063033544346261,0.4098333333333333,0.358,12000,mistral_7b,triviaqa,1
phillips_sum,0.309577270971149,0.40558333333333335,0.3478333333333333,12000,mistral_7b,triviaqa,1
gap,0.3098857708034497,0.4021666666666667,0.34458333333333335,12000,mistral_7b,triviaqa,1
probe_amb_only,0.567430256920404,0.00175,0.0011666666666666668,12000,mistral_7b,triviaqa,1
seq_entropy,0.6644338355612986,0.0,0.0,12000,mistral_7b,triviaqa,1
logprob,0.6644795013429504,0.0,0.0,12000,mistral_7b,triviaqa,1
probe_pred_only,0.30657937012220515,0.409,0.357,12000,mistral_7b,triviaqa,2
logit_pred,0.30657937012220515,0.409,0.357,12000,mistral_7b,triviaqa,2
gap,0.30948584217260483,0.40375,0.3461666666666667,12000,mistral_7b,triviaqa,2
phillips_sum,0.31025753944203505,0.40458333333333335,0.3443333333333333,12000,mistral_7b,triviaqa,2
probe_amb_only,0.5639544865664874,0.0025,0.00125,12000,mistral_7b,triviaqa,2
seq_entropy,0.665939558202751,8.333333333333333e-05,8.333333333333333e-05,12000,mistral_7b,triviaqa,2
logprob,0.6662685094094263,8.333333333333333e-05,8.333333333333333e-05,12000,mistral_7b,triviaqa,2
probe_pred_only,0.32038239871762186,0.38825448613376834,0.3083197389885807,1226,mistral_7b,truthfulqa,0
logit_pred,0.32038239871762186,0.38825448613376834,0.3083197389885807,1226,mistral_7b,truthfulqa,0
gap,0.4336621702871805,0.199836867862969,0.14845024469820556,1226,mistral_7b,truthfulqa,0
phillips_sum,0.45123163240514963,0.10603588907014681,0.05954323001631321,1226,mistral_7b,truthfulqa,0
probe_amb_only,0.6369747037872863,0.0,0.0,1226,mistral_7b,truthfulqa,0
seq_entropy,0.6638358896077342,0.0008156606851549756,0.0008156606851549756,1226,mistral_7b,truthfulqa,0
logprob,0.6661818884036614,0.0008156606851549756,0.0008156606851549756,1226,mistral_7b,truthfulqa,0
probe_pred_only,0.3192361704610902,0.3898858075040783,0.30261011419249595,1226,mistral_7b,truthfulqa,1
logit_pred,0.3192361704610902,0.3898858075040783,0.30261011419249595,1226,mistral_7b,truthfulqa,1
gap,0.43148007315092984,0.19738988580750408,0.14518760195758565,1226,mistral_7b,truthfulqa,1
phillips_sum,0.45155461146405673,0.10195758564437195,0.061174551386623165,1226,mistral_7b,truthfulqa,1
probe_amb_only,0.6367798822828161,0.0,0.0,1226,mistral_7b,truthfulqa,1
seq_entropy,0.6650926775270662,0.0,0.0,1226,mistral_7b,truthfulqa,1
logprob,0.669636559018048,0.0,0.0,1226,mistral_7b,truthfulqa,1
probe_pred_only,0.3203622692457708,0.3939641109298532,0.30179445350734097,1226,mistral_7b,truthfulqa,2
logit_pred,0.3203622692457708,0.3939641109298532,0.30179445350734097,1226,mistral_7b,truthfulqa,2
gap,0.44324681962642587,0.16965742251223492,0.132952691680261,1226,mistral_7b,truthfulqa,2
phillips_sum,0.4511229229971079,0.11419249592169657,0.06606851549755302,1226,mistral_7b,truthfulqa,2
probe_amb_only,0.632574724441206,0.0,0.0,1226,mistral_7b,truthfulqa,2
logprob,0.6624647525661069,0.0008156606851549756,0.0008156606851549756,1226,mistral_7b,truthfulqa,2
seq_entropy,0.664973004743085,0.0008156606851549756,0.0008156606851549756,1226,mistral_7b,truthfulqa,2
probe_pred_only,0.30755175631790455,0.4166666666666667,0.3626893939393939,2112,qwen2_5_7b,ambigqa_kge2,0
logit_pred,0.30755175631790455,0.4166666666666667,0.3626893939393939,2112,qwen2_5_7b,ambigqa_kge2,0
gap,0.36833787848795374,0.33428030303030304,0.22916666666666666,2112,qwen2_5_7b,ambigqa_kge2,0
phillips_sum,0.4585342225133751,0.052083333333333336,0.021780303030303032,2112,qwen2_5_7b,ambigqa_kge2,0
logprob,0.6672160293703683,0.0,0.0,2112,qwen2_5_7b,ambigqa_kge2,0
seq_entropy,0.6686187428982879,0.0004734848484848485,0.0004734848484848485,2112,qwen2_5_7b,ambigqa_kge2,0
probe_amb_only,0.7404409366267701,0.0,0.0,2112,qwen2_5_7b,ambigqa_kge2,0
probe_pred_only,0.3056006851537704,0.4166666666666667,0.36742424242424243,2112,qwen2_5_7b,ambigqa_kge2,1
logit_pred,0.3056006851537704,0.4166666666666667,0.36742424242424243,2112,qwen2_5_7b,ambigqa_kge2,1
gap,0.3467321885320148,0.3574810606060606,0.25615530303030304,2112,qwen2_5_7b,ambigqa_kge2,1
phillips_sum,0.459726620421644,0.04024621212121212,0.026515151515151516,2112,qwen2_5_7b,ambigqa_kge2,1
seq_entropy,0.6698576414711024,0.0004734848484848485,0.0004734848484848485,2112,qwen2_5_7b,ambigqa_kge2,1
logprob,0.6712115265113106,0.0004734848484848485,0.0004734848484848485,2112,qwen2_5_7b,ambigqa_kge2,1
probe_amb_only,0.7410532816103415,0.0,0.0,2112,qwen2_5_7b,ambigqa_kge2,1
probe_pred_only,0.3112857321478199,0.4166666666666667,0.3191287878787879,2112,qwen2_5_7b,ambigqa_kge2,2
logit_pred,0.3112857321478199,0.4166666666666667,0.3191287878787879,2112,qwen2_5_7b,ambigqa_kge2,2
gap,0.3640259856996339,0.34138257575757575,0.22395833333333334,2112,qwen2_5_7b,ambigqa_kge2,2
phillips_sum,0.4561964049809246,0.05776515151515151,0.03787878787878788,2112,qwen2_5_7b,ambigqa_kge2,2
logprob,0.666902622059542,0.0,0.0,2112,qwen2_5_7b,ambigqa_kge2,2
seq_entropy,0.6691985846642887,0.0,0.0,2112,qwen2_5_7b,ambigqa_kge2,2
probe_amb_only,0.7374321732087176,0.0,0.0,2112,qwen2_5_7b,ambigqa_kge2,2
probe_pred_only,0.36976903236245096,0.27366167023554605,0.1423982869379015,4670,qwen2_5_7b,chaosnli,0
logit_pred,0.36976911289376435,0.27366167023554605,0.1423982869379015,4670,qwen2_5_7b,chaosnli,0
phillips_sum,0.4094913580268569,0.21413276231263384,0.12762312633832976,4670,qwen2_5_7b,chaosnli,0
gap,0.44957867320362277,0.006638115631691649,0.0021413276231263384,4670,qwen2_5_7b,chaosnli,0
logprob,0.4953897319570132,0.0,0.0,4670,qwen2_5_7b,chaosnli,0
probe_amb_only,0.6824870406123167,0.0,0.0,4670,qwen2_5_7b,chaosnli,0
probe_pred_only,0.37007310945329874,0.27301927194860814,0.1398286937901499,4670,qwen2_5_7b,chaosnli,1
logit_pred,0.37007310945329874,0.27301927194860814,0.1398286937901499,4670,qwen2_5_7b,chaosnli,1
phillips_sum,0.4109797723780575,0.21477516059957175,0.1139186295503212,4670,qwen2_5_7b,chaosnli,1
gap,0.4494706679144096,0.037687366167023555,0.002355460385438972,4670,qwen2_5_7b,chaosnli,1
logprob,0.49718693033791617,0.0,0.0,4670,qwen2_5_7b,chaosnli,1
probe_amb_only,0.6646945129819545,0.0,0.0,4670,qwen2_5_7b,chaosnli,1
probe_pred_only,0.3717285432227359,0.2580299785867238,0.1310492505353319,4670,qwen2_5_7b,chaosnli,2
logit_pred,0.3717285432227359,0.2580299785867238,0.1310492505353319,4670,qwen2_5_7b,chaosnli,2
phillips_sum,0.41010670054231013,0.22184154175588866,0.12077087794432548,4670,qwen2_5_7b,chaosnli,2
gap,0.4548946528157208,0.006638115631691649,0.004496788008565311,4670,qwen2_5_7b,chaosnli,2
logprob,0.4974518915341731,0.0,0.0,4670,qwen2_5_7b,chaosnli,2
probe_amb_only,0.6712065866071262,0.0,0.0,4670,qwen2_5_7b,chaosnli,2
probe_pred_only,0.3004629646928706,0.4166666666666667,0.37033333333333335,12000,qwen2_5_7b,halueval_qa,0
logit_pred,0.3004629646928706,0.4166666666666667,0.37033333333333335,12000,qwen2_5_7b,halueval_qa,0
gap,0.300547806275288,0.4166666666666667,0.37033333333333335,12000,qwen2_5_7b,halueval_qa,0
phillips_sum,0.3005908035694586,0.4166666666666667,0.37033333333333335,12000,qwen2_5_7b,halueval_qa,0
probe_amb_only,0.5323131150370974,0.07041666666666667,0.042666666666666665,12000,qwen2_5_7b,halueval_qa,0
seq_entropy,0.6632990118112587,8.333333333333333e-05,8.333333333333333e-05,12000,qwen2_5_7b,halueval_qa,0
logprob,0.663864482371624,8.333333333333333e-05,8.333333333333333e-05,12000,qwen2_5_7b,halueval_qa,0
probe_pred_only,0.30046438753047355,0.4166666666666667,0.37033333333333335,12000,qwen2_5_7b,halueval_qa,1
logit_pred,0.30046438753047355,0.4166666666666667,0.37033333333333335,12000,qwen2_5_7b,halueval_qa,1
gap,0.3004762691879894,0.4166666666666667,0.37025,12000,qwen2_5_7b,halueval_qa,1
phillips_sum,0.30047996859367826,0.4166666666666667,0.37033333333333335,12000,qwen2_5_7b,halueval_qa,1
probe_amb_only,0.5891462099223247,0.017583333333333333,0.006833333333333334,12000,qwen2_5_7b,halueval_qa,1
logprob,0.6621238913834739,8.333333333333333e-05,8.333333333333333e-05,12000,qwen2_5_7b,halueval_qa,1
seq_entropy,0.6634270015992731,8.333333333333333e-05,8.333333333333333e-05,12000,qwen2_5_7b,halueval_qa,1
probe_pred_only,0.30046288120322684,0.4166666666666667,0.37033333333333335,12000,qwen2_5_7b,halueval_qa,2
logit_pred,0.30046288120322684,0.4166666666666667,0.37033333333333335,12000,qwen2_5_7b,halueval_qa,2
phillips_sum,0.3005810107620113,0.4166666666666667,0.37033333333333335,12000,qwen2_5_7b,halueval_qa,2
gap,0.3006734992642757,0.4166666666666667,0.37016666666666664,12000,qwen2_5_7b,halueval_qa,2
probe_amb_only,0.5517824737481185,0.0725,0.03275,12000,qwen2_5_7b,halueval_qa,2
logprob,0.6678765219608123,8.333333333333333e-05,8.333333333333333e-05,12000,qwen2_5_7b,halueval_qa,2
seq_entropy,0.6681343962366146,8.333333333333333e-05,8.333333333333333e-05,12000,qwen2_5_7b,halueval_qa,2
probe_pred_only,0.394969114065166,0.20311783585511234,0.10964826095500098,15267,qwen2_5_7b,medqa,0
logit_pred,0.39496912850855154,0.20311783585511234,0.10964826095500098,15267,qwen2_5_7b,medqa,0
logprob,0.42893447921291844,0.15621929652191,0.01716119735376957,15267,qwen2_5_7b,medqa,0
phillips_sum,0.5953820249179058,0.0,0.0,15267,qwen2_5_7b,medqa,0
gap,0.5964933345195911,0.0007205082858452872,0.0,15267,qwen2_5_7b,medqa,0
probe_amb_only,0.6701662921235686,6.550075325866247e-05,6.550075325866247e-05,15267,qwen2_5_7b,medqa,0
probe_pred_only,0.3949595925211774,0.20599986899849348,0.10918975568219035,15267,qwen2_5_7b,medqa,1
logit_pred,0.3949596454724735,0.20599986899849348,0.10918975568219035,15267,qwen2_5_7b,medqa,1
logprob,0.4282442283584325,0.1565468002882033,0.017030195847252242,15267,qwen2_5_7b,medqa,1
gap,0.5849770104796372,0.00013100150651732494,0.00013100150651732494,15267,qwen2_5_7b,medqa,1
phillips_sum,0.599519693994881,0.0017685203379838867,0.0,15267,qwen2_5_7b,medqa,1
probe_amb_only,0.683181978513096,0.0,0.0,15267,qwen2_5_7b,medqa,1
probe_pred_only,0.40018466659632834,0.19453723717822755,0.10702823082465449,15267,qwen2_5_7b,medqa,2
logit_pred,0.40018466659632834,0.19453723717822755,0.10702823082465449,15267,qwen2_5_7b,medqa,2
logprob,0.4300224423057366,0.15104473701447566,0.008842601689919434,15267,qwen2_5_7b,medqa,2
phillips_sum,0.5761526268265438,0.0026855308836051615,0.0,15267,qwen2_5_7b,medqa,2
gap,0.5913015052095507,0.0010480120521385995,0.00013100150651732494,15267,qwen2_5_7b,medqa,2
probe_amb_only,0.6629666266664135,0.0,0.0,15267,qwen2_5_7b,medqa,2
probe_pred_only,0.3350376784374466,0.3602150537634409,0.28897849462365593,744,qwen2_5_7b,pavlick_nli,0
logit_pred,0.3350376784374466,0.3602150537634409,0.28897849462365593,744,qwen2_5_7b,pavlick_nli,0
phillips_sum,0.3777315386564911,0.2701612903225806,0.22311827956989247,744,qwen2_5_7b,pavlick_nli,0
logprob,0.39976075947197787,0.08736559139784947,0.028225806451612902,744,qwen2_5_7b,pavlick_nli,0
gap,0.4232655743390873,0.056451612903225805,0.016129032258064516,744,qwen2_5_7b,pavlick_nli,0
probe_amb_only,0.689839098964059,0.0,0.0,744,qwen2_5_7b,pavlick_nli,0
probe_pred_only,0.32586637802368446,0.3844086021505376,0.3024193548387097,744,qwen2_5_7b,pavlick_nli,1
logit_pred,0.32586637802368446,0.3844086021505376,0.3024193548387097,744,qwen2_5_7b,pavlick_nli,1
phillips_sum,0.36192202488609887,0.30913978494623656,0.24865591397849462,744,qwen2_5_7b,pavlick_nli,1
logprob,0.39668782264558256,0.08064516129032258,0.028225806451612902,744,qwen2_5_7b,pavlick_nli,1
gap,0.4150160874741096,0.04704301075268817,0.008064516129032258,744,qwen2_5_7b,pavlick_nli,1
probe_amb_only,0.6960512363367184,0.0,0.0,744,qwen2_5_7b,pavlick_nli,1
probe_pred_only,0.3328039327136522,0.3655913978494624,0.2916666666666667,744,qwen2_5_7b,pavlick_nli,2
logit_pred,0.3328039327136522,0.3655913978494624,0.2916666666666667,744,qwen2_5_7b,pavlick_nli,2
phillips_sum,0.3708577050715683,0.29838709677419356,0.24731182795698925,744,qwen2_5_7b,pavlick_nli,2
logprob,0.40742116821025093,0.06989247311827956,0.026881720430107527,744,qwen2_5_7b,pavlick_nli,2
gap,0.4271420245554183,0.01747311827956989,0.01478494623655914,744,qwen2_5_7b,pavlick_nli,2
probe_amb_only,0.7015298459787931,0.0,0.0,744,qwen2_5_7b,pavlick_nli,2
probe_pred_only,0.41081767113894585,0.17504066510030725,0.09425266582324236,11066,qwen2_5_7b,popqa,0
logit_pred,0.4108176961782613,0.17504066510030725,0.09425266582324236,11066,qwen2_5_7b,popqa,0
phillips_sum,0.5470951806655544,0.016446773902042293,0.0038857762515814207,11066,qwen2_5_7b,popqa,0
gap,0.5881847839792613,0.007410084944876197,0.0009036688957166094,11066,qwen2_5_7b,popqa,0
probe_amb_only,0.6397275635620483,0.005512380263871318,0.004879812036869691,11066,qwen2_5_7b,popqa,0
logprob,0.6683455490621988,0.0,0.0,11066,qwen2_5_7b,popqa,0
seq_entropy,0.6684346769329146,0.0,0.0,11066,qwen2_5_7b,popqa,0
probe_pred_only,0.4076644911619916,0.17242002530272907,0.09732514006867883,11066,qwen2_5_7b,popqa,1
logit_pred,0.4076644911619916,0.17242002530272907,0.09732514006867883,11066,qwen2_5_7b,popqa,1
phillips_sum,0.5499720958327583,0.015814205675040664,0.0037954093620097594,11066,qwen2_5_7b,popqa,1
gap,0.586258388990384,0.006596782938731249,0.0010844026748599313,11066,qwen2_5_7b,popqa,1
probe_amb_only,0.6363971016684491,0.009036688957166094,0.007952286282306162,11066,qwen2_5_7b,popqa,1
seq_entropy,0.6699262000340642,0.0,0.0,11066,qwen2_5_7b,popqa,1
logprob,0.6708003135143727,0.0,0.0,11066,qwen2_5_7b,popqa,1
probe_pred_only,0.4186129863290863,0.1700704861738659,0.0916320260256642,11066,qwen2_5_7b,popqa,2
logit_pred,0.4186129863290863,0.1700704861738659,0.0916320260256642,11066,qwen2_5_7b,popqa,2
phillips_sum,0.5473660913086102,0.023676125067775167,0.011295861196457618,11066,qwen2_5_7b,popqa,2
gap,0.5923890759250574,0.0023495391288631843,0.0009036688957166094,11066,qwen2_5_7b,popqa,2
probe_amb_only,0.6325231681983073,0.006867883607446231,0.006054581601301283,11066,qwen2_5_7b,popqa,2
logprob,0.6686281388064705,0.0,0.0,11066,qwen2_5_7b,popqa,2
seq_entropy,0.6706002890253951,0.0,0.0,11066,qwen2_5_7b,popqa,2
probe_pred_only,0.3329005411177477,0.37,0.248,1500,qwen2_5_7b,pubmedqa,0
logit_pred,0.3329005411177477,0.37,0.248,1500,qwen2_5_7b,pubmedqa,0
gap,0.36310279595005673,0.3353333333333333,0.24533333333333332,1500,qwen2_5_7b,pubmedqa,0
logprob,0.4090501881485233,0.12733333333333333,0.009333333333333334,1500,qwen2_5_7b,pubmedqa,0
phillips_sum,0.45239906502536553,0.004666666666666667,0.0026666666666666666,1500,qwen2_5_7b,pubmedqa,0
probe_amb_only,0.7164060259118148,0.0,0.0,1500,qwen2_5_7b,pubmedqa,0
probe_pred_only,0.33273472547530347,0.37066666666666664,0.2753333333333333,1500,qwen2_5_7b,pubmedqa,1
logit_pred,0.33273472547530347,0.37066666666666664,0.2753333333333333,1500,qwen2_5_7b,pubmedqa,1
gap,0.3569980803629559,0.3486666666666667,0.2613333333333333,1500,qwen2_5_7b,pubmedqa,1
logprob,0.4004035931666024,0.23466666666666666,0.006666666666666667,1500,qwen2_5_7b,pubmedqa,1
phillips_sum,0.4837959283773769,0.010666666666666666,0.008,1500,qwen2_5_7b,pubmedqa,1
probe_amb_only,0.739698624976667,0.005333333333333333,0.004,1500,qwen2_5_7b,pubmedqa,1
probe_pred_only,0.33271555809276576,0.3546666666666667,0.254,1500,qwen2_5_7b,pubmedqa,2
logit_pred,0.33271555809276576,0.3546666666666667,0.254,1500,qwen2_5_7b,pubmedqa,2
gap,0.36003565555472095,0.3446666666666667,0.2613333333333333,1500,qwen2_5_7b,pubmedqa,2
logprob,0.4078806405532988,0.21533333333333332,0.0033333333333333335,1500,qwen2_5_7b,pubmedqa,2
phillips_sum,0.46228954810793815,0.008666666666666666,0.008,1500,qwen2_5_7b,pubmedqa,2
probe_amb_only,0.7277234682726108,0.014,0.008,1500,qwen2_5_7b,pubmedqa,2
probe_pred_only,0.3041695713045325,0.4131666666666667,0.3615,12000,qwen2_5_7b,triviaqa,0
logit_pred,0.3041696766564077,0.4131666666666667,0.3615,12000,qwen2_5_7b,triviaqa,0
gap,0.3081942045803962,0.405,0.3466666666666667,12000,qwen2_5_7b,triviaqa,0
phillips_sum,0.3085549835852546,0.4055,0.34391666666666665,12000,qwen2_5_7b,triviaqa,0
probe_amb_only,0.6633867627273496,0.00025,0.00025,12000,qwen2_5_7b,triviaqa,0
seq_entropy,0.6646444880366489,0.0,0.0,12000,qwen2_5_7b,triviaqa,0
logprob,0.6648380362588115,0.0,0.0,12000,qwen2_5_7b,triviaqa,0
probe_pred_only,0.30369861344281335,0.41358333333333336,0.36283333333333334,12000,qwen2_5_7b,triviaqa,1
logit_pred,0.30369861344281335,0.41358333333333336,0.36283333333333334,12000,qwen2_5_7b,triviaqa,1
phillips_sum,0.3060151035893124,0.411,0.35391666666666666,12000,qwen2_5_7b,triviaqa,1
gap,0.3060654835784914,0.409,0.35383333333333333,12000,qwen2_5_7b,triviaqa,1
seq_entropy,0.6672844071373917,0.0,0.0,12000,qwen2_5_7b,triviaqa,1
logprob,0.6675417494127595,0.0,0.0,12000,qwen2_5_7b,triviaqa,1
probe_amb_only,0.6704354023240078,0.0,0.0,12000,qwen2_5_7b,triviaqa,1
probe_pred_only,0.30376822709014717,0.4141666666666667,0.36383333333333334,12000,qwen2_5_7b,triviaqa,2
logit_pred,0.30376822709014717,0.4141666666666667,0.36383333333333334,12000,qwen2_5_7b,triviaqa,2
gap,0.3087693453237759,0.40475,0.3455,12000,qwen2_5_7b,triviaqa,2
phillips_sum,0.3100157004666655,0.40375,0.34008333333333335,12000,qwen2_5_7b,triviaqa,2
probe_amb_only,0.6374898849873069,0.003416666666666667,0.0006666666666666666,12000,qwen2_5_7b,triviaqa,2
logprob,0.6678517117887883,0.0,0.0,12000,qwen2_5_7b,triviaqa,2
seq_entropy,0.6679118100719725,0.0,0.0,12000,qwen2_5_7b,triviaqa,2
probe_pred_only,0.3004422755397297,0.4168026101141925,0.3694942903752039,1226,qwen2_5_7b,truthfulqa,0
logit_pred,0.3004422755397297,0.4168026101141925,0.3694942903752039,1226,qwen2_5_7b,truthfulqa,0
gap,0.4065098313378348,0.25856443719412725,0.19168026101141925,1226,qwen2_5_7b,truthfulqa,0
phillips_sum,0.4304132019510498,0.132952691680261,0.10603588907014681,1226,qwen2_5_7b,truthfulqa,0
probe_amb_only,0.6487521430131951,0.0,0.0,1226,qwen2_5_7b,truthfulqa,0
logprob,0.6735605574926182,0.0008156606851549756,0.0008156606851549756,1226,qwen2_5_7b,truthfulqa,0
seq_entropy,0.6740072630426178,0.0,0.0,1226,qwen2_5_7b,truthfulqa,0
probe_pred_only,0.30063330381362613,0.4159869494290375,0.3694942903752039,1226,qwen2_5_7b,truthfulqa,1
logit_pred,0.30063330381362613,0.4159869494290375,0.3694942903752039,1226,qwen2_5_7b,truthfulqa,1
gap,0.4047758301129567,0.2495921696574225,0.1900489396411093,1226,qwen2_5_7b,truthfulqa,1
phillips_sum,0.43737993700263333,0.1199021207177814,0.09135399673735727,1226,qwen2_5_7b,truthfulqa,1
probe_amb_only,0.6490710797532994,0.0,0.0,1226,qwen2_5_7b,truthfulqa,1
seq_entropy,0.6678464315317358,0.0008156606851549756,0.0008156606851549756,1226,qwen2_5_7b,truthfulqa,1
logprob,0.6701521841555335,0.0008156606851549756,0.0008156606851549756,1226,qwen2_5_7b,truthfulqa,1
probe_pred_only,0.300345258580894,0.4168026101141925,0.3703099510603589,1226,qwen2_5_7b,truthfulqa,2
logit_pred,0.300345258580894,0.4168026101141925,0.3703099510603589,1226,qwen2_5_7b,truthfulqa,2
gap,0.41409382416005663,0.23817292006525284,0.16557911908646003,1226,qwen2_5_7b,truthfulqa,2
phillips_sum,0.43437069079094154,0.13050570962479607,0.09869494290375204,1226,qwen2_5_7b,truthfulqa,2
probe_amb_only,0.6415790248004712,0.0,0.0,1226,qwen2_5_7b,truthfulqa,2
seq_entropy,0.665640956182784,0.0,0.0,1226,qwen2_5_7b,truthfulqa,2
logprob,0.6681513729588658,0.0,0.0,1226,qwen2_5_7b,truthfulqa,2
