model,dataset,model_key,dataset_key,alpha,stc_mean,stc_p05,stc_p50,stc_p95,observed_stc,n,y_defer_rate,error_rate
LLaMA,ChaosNLI,llama3_8b,chaosnli,0.0,0.010151237293190224,0.0010686092361042428,0.008532098035623149,0.026619583312457624,0.0010686092361042471,5855,0.31238257899231425,0.5316823228010248
LLaMA,ChaosNLI,llama3_8b,chaosnli,0.05,0.056833994835627705,0.0343801560748893,0.056535634394260244,0.07762026459486147,0.0010686092361042471,5855,0.31238257899231425,0.5316823228010248
LLaMA,ChaosNLI,llama3_8b,chaosnli,0.1,0.11908793484928396,0.09748634348789732,0.11857097368849856,0.14072645200786948,0.0010686092361042471,5855,0.31238257899231425,0.5316823228010248
LLaMA,ChaosNLI,llama3_8b,chaosnli,0.15000000000000002,0.18897517565990754,0.16764535816590517,0.1887299883665065,0.20719288696598231,0.0010686092361042471,5855,0.31238257899231425,0.5316823228010248
LLaMA,ChaosNLI,llama3_8b,chaosnli,0.2,0.26981313088785225,0.25076532766074505,0.2699667422041999,0.2903128564608223,0.0010686092361042471,5855,0.31238257899231425,0.5316823228010248
LLaMA,ChaosNLI,llama3_8b,chaosnli,0.25,0.35843799822911226,0.33676550933710353,0.358588655481684,0.3770515540811598,0.0010686092361042471,5855,0.31238257899231425,0.5316823228010248
LLaMA,ChaosNLI,llama3_8b,chaosnli,0.30000000000000004,0.4608494812125723,0.440896257438147,0.4605038557507903,0.47904060594466386,0.0010686092361042471,5855,0.31238257899231425,0.5316823228010248
LLaMA,ChaosNLI,llama3_8b,chaosnli,0.35000000000000003,0.5802497849713256,0.5661116357397911,0.5801434386753925,0.5960584572681407,0.0010686092361042471,5855,0.31238257899231425,0.5316823228010248
LLaMA,ChaosNLI,llama3_8b,chaosnli,0.4,0.6325780706979041,0.632578070697904,0.6325780706979041,0.6325780706979043,0.0010686092361042471,5855,0.31238257899231425,0.5316823228010248
LLaMA,ChaosNLI,llama3_8b,chaosnli,0.45,0.6325780706979041,0.632578070697904,0.6325780706979041,0.6325780706979043,0.0010686092361042471,5855,0.31238257899231425,0.5316823228010248
LLaMA,ChaosNLI,llama3_8b,chaosnli,0.5,0.6325780706979041,0.632578070697904,0.6325780706979041,0.6325780706979043,0.0010686092361042471,5855,0.31238257899231425,0.5316823228010248
LLaMA,ChaosNLI,llama3_8b,chaosnli,0.55,0.6325780706979041,0.632578070697904,0.6325780706979041,0.6325780706979043,0.0010686092361042471,5855,0.31238257899231425,0.5316823228010248
LLaMA,ChaosNLI,llama3_8b,chaosnli,0.6000000000000001,0.6325780706979041,0.632578070697904,0.6325780706979041,0.6325780706979043,0.0010686092361042471,5855,0.31238257899231425,0.5316823228010248
LLaMA,ChaosNLI,llama3_8b,chaosnli,0.65,0.632578070697904,0.632578070697904,0.6325780706979041,0.6325780706979043,0.0010686092361042471,5855,0.31238257899231425,0.5316823228010248
LLaMA,ChaosNLI,llama3_8b,chaosnli,0.7000000000000001,0.632578070697904,0.6325780706979038,0.6325780706979041,0.6325780706979043,0.0010686092361042471,5855,0.31238257899231425,0.5316823228010248
LLaMA,ChaosNLI,llama3_8b,chaosnli,0.75,0.6325780706979041,0.632578070697904,0.6325780706979041,0.6325780706979043,0.0010686092361042471,5855,0.31238257899231425,0.5316823228010248
LLaMA,ChaosNLI,llama3_8b,chaosnli,0.8,0.6325780706979041,0.632578070697904,0.6325780706979041,0.6325780706979043,0.0010686092361042471,5855,0.31238257899231425,0.5316823228010248
LLaMA,ChaosNLI,llama3_8b,chaosnli,0.8500000000000001,0.6325780706979041,0.632578070697904,0.6325780706979041,0.6325780706979043,0.0010686092361042471,5855,0.31238257899231425,0.5316823228010248
LLaMA,ChaosNLI,llama3_8b,chaosnli,0.9,0.6325780706979041,0.632578070697904,0.6325780706979041,0.6325780706979043,0.0010686092361042471,5855,0.31238257899231425,0.5316823228010248
LLaMA,ChaosNLI,llama3_8b,chaosnli,0.9500000000000001,0.6325780706979041,0.632578070697904,0.6325780706979041,0.6325780706979043,0.0010686092361042471,5855,0.31238257899231425,0.5316823228010248
LLaMA,ChaosNLI,llama3_8b,chaosnli,1.0,0.6325780706979042,0.6325780706979042,0.6325780706979042,0.6325780706979042,0.0010686092361042471,5855,0.31238257899231425,0.5316823228010248
LLaMA,Pavlick-NLI,llama3_8b,pavlick_nli,0.0,0.027066855773451016,0.0033298236529531212,0.02279648500867914,0.06634033277806622,0.007684208429891824,935,0.5882352941176471,0.5304812834224599
LLaMA,Pavlick-NLI,llama3_8b,pavlick_nli,0.05,0.054643942986646855,0.0076842084298918345,0.0532771784472501,0.10552979577051459,0.007684208429891824,935,0.5882352941176471,0.5304812834224599
LLaMA,Pavlick-NLI,llama3_8b,pavlick_nli,0.1,0.1130890077432802,0.05959103637381124,0.114238565324392,0.1621367978707178,0.007684208429891824,935,0.5882352941176471,0.5304812834224599
LLaMA,Pavlick-NLI,llama3_8b,pavlick_nli,0.15000000000000002,0.1812960908892481,0.12730171965520815,0.17955433697847262,0.23616133907867587,0.007684208429891824,935,0.5882352941176471,0.5304812834224599
LLaMA,Pavlick-NLI,llama3_8b,pavlick_nli,0.2,0.2531956923260601,0.19697187608622746,0.25357887818643066,0.30583149550969524,0.007684208429891824,935,0.5882352941176471,0.5304812834224599
LLaMA,Pavlick-NLI,llama3_8b,pavlick_nli,0.25,0.3390293250490759,0.292768341178879,0.3406665737252048,0.38225094834496937,0.007684208429891824,935,0.5882352941176471,0.5304812834224599
LLaMA,Pavlick-NLI,llama3_8b,pavlick_nli,0.30000000000000004,0.4352263935412058,0.38856480627153056,0.43646303881785625,0.48436127136418206,0.007684208429891824,935,0.5882352941176471,0.5304812834224599
LLaMA,Pavlick-NLI,llama3_8b,pavlick_nli,0.35000000000000003,0.5469424893783452,0.5061331952488756,0.5453226582413239,0.595615802414966,0.007684208429891824,935,0.5882352941176471,0.5304812834224599
LLaMA,Pavlick-NLI,llama3_8b,pavlick_nli,0.4,0.6771560117479205,0.636764738557037,0.6759542015494853,0.7218929609461887,0.007684208429891824,935,0.5882352941176471,0.5304812834224599
LLaMA,Pavlick-NLI,llama3_8b,pavlick_nli,0.45,0.830012334957577,0.7978769753037692,0.8283576687423402,0.8588383621809114,0.007684208429891824,935,0.5882352941176471,0.5304812834224599
LLaMA,Pavlick-NLI,llama3_8b,pavlick_nli,0.5,0.8893190556194824,0.8893190556194822,0.8893190556194823,0.8893190556194823,0.007684208429891824,935,0.5882352941176471,0.5304812834224599
LLaMA,Pavlick-NLI,llama3_8b,pavlick_nli,0.55,0.8893190556194823,0.8893190556194822,0.8893190556194823,0.8893190556194823,0.007684208429891824,935,0.5882352941176471,0.5304812834224599
LLaMA,Pavlick-NLI,llama3_8b,pavlick_nli,0.6000000000000001,0.8893190556194824,0.8893190556194822,0.8893190556194823,0.8893190556194823,0.007684208429891824,935,0.5882352941176471,0.5304812834224599
LLaMA,Pavlick-NLI,llama3_8b,pavlick_nli,0.65,0.8893190556194823,0.8893190556194822,0.8893190556194823,0.8893190556194823,0.007684208429891824,935,0.5882352941176471,0.5304812834224599
LLaMA,Pavlick-NLI,llama3_8b,pavlick_nli,0.7000000000000001,0.8893190556194823,0.8893190556194822,0.8893190556194823,0.8893190556194823,0.007684208429891824,935,0.5882352941176471,0.5304812834224599
LLaMA,Pavlick-NLI,llama3_8b,pavlick_nli,0.75,0.8893190556194824,0.8893190556194822,0.8893190556194823,0.8893190556194823,0.007684208429891824,935,0.5882352941176471,0.5304812834224599
LLaMA,Pavlick-NLI,llama3_8b,pavlick_nli,0.8,0.8893190556194824,0.8893190556194822,0.8893190556194823,0.8893190556194823,0.007684208429891824,935,0.5882352941176471,0.5304812834224599
LLaMA,Pavlick-NLI,llama3_8b,pavlick_nli,0.8500000000000001,0.8893190556194824,0.8893190556194822,0.8893190556194823,0.8893190556194823,0.007684208429891824,935,0.5882352941176471,0.5304812834224599
LLaMA,Pavlick-NLI,llama3_8b,pavlick_nli,0.9,0.8893190556194824,0.8893190556194822,0.8893190556194823,0.8893190556194823,0.007684208429891824,935,0.5882352941176471,0.5304812834224599
LLaMA,Pavlick-NLI,llama3_8b,pavlick_nli,0.9500000000000001,0.8893190556194824,0.8893190556194822,0.8893190556194823,0.8893190556194823,0.007684208429891824,935,0.5882352941176471,0.5304812834224599
LLaMA,Pavlick-NLI,llama3_8b,pavlick_nli,1.0,0.8893190556194827,0.8893190556194827,0.8893190556194827,0.8893190556194827,0.007684208429891824,935,0.5882352941176471,0.5304812834224599
LLaMA,PubMedQA,llama3_8b,pubmedqa,0.0,0.01963532599230602,0.0013795811265230288,0.01731893510984555,0.048630976420219796,0.00830715517046124,1868,0.1076017130620985,0.5353319057815846
LLaMA,PubMedQA,llama3_8b,pubmedqa,0.05,0.08363759532424547,0.04640881241212147,0.08797425667575078,0.11568455285150366,0.00830715517046124,1868,0.1076017130620985,0.5353319057815846
LLaMA,PubMedQA,llama3_8b,pubmedqa,0.1,0.1792796825748565,0.14339484902725652,0.1780327192469476,0.21267058946663872,0.00830715517046124,1868,0.1076017130620985,0.5353319057815846
LLaMA,PubMedQA,llama3_8b,pubmedqa,0.15000000000000002,0.28516072426240807,0.25077224670829884,0.28541011692798984,0.3184892829877946,0.00830715517046124,1868,0.1076017130620985,0.5353319057815846
LLaMA,PubMedQA,llama3_8b,pubmedqa,0.2,0.32351177416965,0.3235117741696499,0.32351177416965,0.32351177416965,0.00830715517046124,1868,0.1076017130620985,0.5353319057815846
LLaMA,PubMedQA,llama3_8b,pubmedqa,0.25,0.32351177416964993,0.3235117741696499,0.32351177416965,0.32351177416965,0.00830715517046124,1868,0.1076017130620985,0.5353319057815846
LLaMA,PubMedQA,llama3_8b,pubmedqa,0.30000000000000004,0.32351177416964993,0.3235117741696499,0.32351177416965,0.32351177416965,0.00830715517046124,1868,0.1076017130620985,0.5353319057815846
LLaMA,PubMedQA,llama3_8b,pubmedqa,0.35000000000000003,0.32351177416965,0.3235117741696499,0.32351177416965,0.32351177416965005,0.00830715517046124,1868,0.1076017130620985,0.5353319057815846
LLaMA,PubMedQA,llama3_8b,pubmedqa,0.4,0.32351177416965,0.3235117741696499,0.32351177416965,0.32351177416965,0.00830715517046124,1868,0.1076017130620985,0.5353319057815846
LLaMA,PubMedQA,llama3_8b,pubmedqa,0.45,0.32351177416964993,0.3235117741696499,0.32351177416964993,0.32351177416965,0.00830715517046124,1868,0.1076017130620985,0.5353319057815846
LLaMA,PubMedQA,llama3_8b,pubmedqa,0.5,0.32351177416965,0.3235117741696499,0.32351177416965,0.32351177416965,0.00830715517046124,1868,0.1076017130620985,0.5353319057815846
LLaMA,PubMedQA,llama3_8b,pubmedqa,0.55,0.32351177416965,0.3235117741696499,0.32351177416965,0.32351177416965005,0.00830715517046124,1868,0.1076017130620985,0.5353319057815846
LLaMA,PubMedQA,llama3_8b,pubmedqa,0.6000000000000001,0.32351177416965,0.3235117741696499,0.32351177416965,0.32351177416965005,0.00830715517046124,1868,0.1076017130620985,0.5353319057815846
LLaMA,PubMedQA,llama3_8b,pubmedqa,0.65,0.32351177416964993,0.3235117741696499,0.32351177416965,0.32351177416965005,0.00830715517046124,1868,0.1076017130620985,0.5353319057815846
LLaMA,PubMedQA,llama3_8b,pubmedqa,0.7000000000000001,0.32351177416965,0.3235117741696499,0.32351177416964993,0.32351177416965,0.00830715517046124,1868,0.1076017130620985,0.5353319057815846
LLaMA,PubMedQA,llama3_8b,pubmedqa,0.75,0.32351177416965,0.3235117741696499,0.32351177416965,0.32351177416965005,0.00830715517046124,1868,0.1076017130620985,0.5353319057815846
LLaMA,PubMedQA,llama3_8b,pubmedqa,0.8,0.32351177416965,0.3235117741696499,0.32351177416965,0.32351177416965005,0.00830715517046124,1868,0.1076017130620985,0.5353319057815846
LLaMA,PubMedQA,llama3_8b,pubmedqa,0.8500000000000001,0.32351177416965,0.3235117741696499,0.32351177416965,0.32351177416965005,0.00830715517046124,1868,0.1076017130620985,0.5353319057815846
LLaMA,PubMedQA,llama3_8b,pubmedqa,0.9,0.32351177416965,0.3235117741696499,0.32351177416965,0.32351177416965005,0.00830715517046124,1868,0.1076017130620985,0.5353319057815846
LLaMA,PubMedQA,llama3_8b,pubmedqa,0.9500000000000001,0.32351177416964993,0.3235117741696499,0.32351177416965,0.32351177416965,0.00830715517046124,1868,0.1076017130620985,0.5353319057815846
LLaMA,PubMedQA,llama3_8b,pubmedqa,1.0,0.32351177416965,0.32351177416965,0.32351177416965,0.32351177416965,0.00830715517046124,1868,0.1076017130620985,0.5353319057815846
LLaMA,MedQA,llama3_8b,medqa,0.0,0.006244207404256859,0.0007193604699655368,0.005666087843130505,0.01488930565736593,4.113969449285871e-06,19115,0.5011770860580695,0.5324614177347633
LLaMA,MedQA,llama3_8b,medqa,0.05,0.05309833030758254,0.041409919204943926,0.05295405482517164,0.06323997402902594,4.113969449285871e-06,19115,0.5011770860580695,0.5324614177347633
LLaMA,MedQA,llama3_8b,medqa,0.1,0.11126399761464598,0.09907817162206763,0.1111465640824511,0.12258584833464772,4.113969449285871e-06,19115,0.5011770860580695,0.5324614177347633
LLaMA,MedQA,llama3_8b,medqa,0.15000000000000002,0.17544813344669632,0.16345691159318382,0.17552530405356725,0.18654518283363938,4.113969449285871e-06,19115,0.5011770860580695,0.5324614177347633
LLaMA,MedQA,llama3_8b,medqa,0.2,0.24958140588848468,0.237387611191936,0.24996977535567183,0.26036054592755725,4.113969449285871e-06,19115,0.5011770860580695,0.5324614177347633
LLaMA,MedQA,llama3_8b,medqa,0.25,0.33267737326957403,0.3238795046808179,0.3331169102043607,0.34235431572790337,4.113969449285871e-06,19115,0.5011770860580695,0.5324614177347633
LLaMA,MedQA,llama3_8b,medqa,0.30000000000000004,0.4284863593217024,0.41731255873336054,0.4290559119528474,0.43881757431654633,4.113969449285871e-06,19115,0.5011770860580695,0.5324614177347633
LLaMA,MedQA,llama3_8b,medqa,0.35000000000000003,0.5373296286365188,0.5265676842218032,0.5376819292331028,0.5475589281016358,4.113969449285871e-06,19115,0.5011770860580695,0.5324614177347633
LLaMA,MedQA,llama3_8b,medqa,0.4,0.6648716715205325,0.6552098276592001,0.6647617872868351,0.6738943414423472,4.113969449285871e-06,19115,0.5011770860580695,0.5324614177347633
LLaMA,MedQA,llama3_8b,medqa,0.45,0.8168264681259712,0.8097607441370891,0.8172156764041024,0.8229929867826179,4.113969449285871e-06,19115,0.5011770860580695,0.5324614177347633
LLaMA,MedQA,llama3_8b,medqa,0.5,0.9392626687923482,0.9392626687923478,0.9392626687923482,0.9392626687923487,4.113969449285871e-06,19115,0.5011770860580695,0.5324614177347633
LLaMA,MedQA,llama3_8b,medqa,0.55,0.9392626687923482,0.9392626687923478,0.9392626687923482,0.9392626687923487,4.113969449285871e-06,19115,0.5011770860580695,0.5324614177347633
LLaMA,MedQA,llama3_8b,medqa,0.6000000000000001,0.9392626687923482,0.9392626687923478,0.9392626687923482,0.9392626687923487,4.113969449285871e-06,19115,0.5011770860580695,0.5324614177347633
LLaMA,MedQA,llama3_8b,medqa,0.65,0.9392626687923483,0.9392626687923478,0.9392626687923482,0.9392626687923487,4.113969449285871e-06,19115,0.5011770860580695,0.5324614177347633
LLaMA,MedQA,llama3_8b,medqa,0.7000000000000001,0.9392626687923482,0.9392626687923478,0.9392626687923482,0.9392626687923487,4.113969449285871e-06,19115,0.5011770860580695,0.5324614177347633
LLaMA,MedQA,llama3_8b,medqa,0.75,0.9392626687923482,0.939262668792348,0.9392626687923482,0.9392626687923487,4.113969449285871e-06,19115,0.5011770860580695,0.5324614177347633
LLaMA,MedQA,llama3_8b,medqa,0.8,0.9392626687923483,0.9392626687923478,0.9392626687923482,0.9392626687923487,4.113969449285871e-06,19115,0.5011770860580695,0.5324614177347633
LLaMA,MedQA,llama3_8b,medqa,0.8500000000000001,0.9392626687923483,0.9392626687923478,0.9392626687923482,0.9392626687923487,4.113969449285871e-06,19115,0.5011770860580695,0.5324614177347633
LLaMA,MedQA,llama3_8b,medqa,0.9,0.9392626687923482,0.9392626687923478,0.9392626687923482,0.9392626687923487,4.113969449285871e-06,19115,0.5011770860580695,0.5324614177347633
LLaMA,MedQA,llama3_8b,medqa,0.9500000000000001,0.9392626687923483,0.9392626687923478,0.9392626687923482,0.9392626687923487,4.113969449285871e-06,19115,0.5011770860580695,0.5324614177347633
LLaMA,MedQA,llama3_8b,medqa,1.0,0.9392626687923508,0.9392626687923508,0.9392626687923508,0.9392626687923508,4.113969449285871e-06,19115,0.5011770860580695,0.5324614177347633
LLaMA,PopQA,llama3_8b,popqa,0.0,0.00647640286241534,0.0005344600210637814,0.005595338235948204,0.015108254461306486,7.438018334700375e-05,13837,0.8884151188841511,0.5331357953313579
LLaMA,PopQA,llama3_8b,popqa,0.05,0.0835586272160816,0.07000651551629644,0.08334883081008268,0.09761130577930273,7.438018334700375e-05,13837,0.8884151188841511,0.5331357953313579
LLaMA,PopQA,llama3_8b,popqa,0.1,0.17462130933568568,0.16064224354649942,0.17490471851571915,0.18757991804481622,7.438018334700375e-05,13837,0.8884151188841511,0.5331357953313579
LLaMA,PopQA,llama3_8b,popqa,0.15000000000000002,0.27906127281674403,0.26462028687048966,0.279572881596285,0.2922250771334966,7.438018334700375e-05,13837,0.8884151188841511,0.5331357953313579
LLaMA,PopQA,llama3_8b,popqa,0.2,0.37869616247268817,0.3787200866242491,0.37872008662424944,0.37872008662424983,7.438018334700375e-05,13837,0.8884151188841511,0.5331357953313579
LLaMA,PopQA,llama3_8b,popqa,0.25,0.37872008662424944,0.3787200866242491,0.37872008662424944,0.37872008662424983,7.438018334700375e-05,13837,0.8884151188841511,0.5331357953313579
LLaMA,PopQA,llama3_8b,popqa,0.30000000000000004,0.37872008662424944,0.37872008662424916,0.37872008662424944,0.37872008662424983,7.438018334700375e-05,13837,0.8884151188841511,0.5331357953313579
LLaMA,PopQA,llama3_8b,popqa,0.35000000000000003,0.37872008662424944,0.3787200866242491,0.37872008662424944,0.37872008662424983,7.438018334700375e-05,13837,0.8884151188841511,0.5331357953313579
LLaMA,PopQA,llama3_8b,popqa,0.4,0.37872008662424944,0.3787200866242491,0.37872008662424944,0.37872008662424983,7.438018334700375e-05,13837,0.8884151188841511,0.5331357953313579
LLaMA,PopQA,llama3_8b,popqa,0.45,0.37872008662424944,0.3787200866242491,0.37872008662424944,0.3787200866242498,7.438018334700375e-05,13837,0.8884151188841511,0.5331357953313579
LLaMA,PopQA,llama3_8b,popqa,0.5,0.37872008662424944,0.3787200866242491,0.37872008662424944,0.37872008662424983,7.438018334700375e-05,13837,0.8884151188841511,0.5331357953313579
LLaMA,PopQA,llama3_8b,popqa,0.55,0.37872008662424944,0.37872008662424916,0.37872008662424944,0.3787200866242498,7.438018334700375e-05,13837,0.8884151188841511,0.5331357953313579
LLaMA,PopQA,llama3_8b,popqa,0.6000000000000001,0.37872008662424944,0.37872008662424916,0.3787200866242495,0.37872008662424983,7.438018334700375e-05,13837,0.8884151188841511,0.5331357953313579
LLaMA,PopQA,llama3_8b,popqa,0.65,0.37872008662424944,0.3787200866242491,0.3787200866242495,0.37872008662424983,7.438018334700375e-05,13837,0.8884151188841511,0.5331357953313579
LLaMA,PopQA,llama3_8b,popqa,0.7000000000000001,0.37872008662424944,0.3787200866242491,0.3787200866242495,0.37872008662424983,7.438018334700375e-05,13837,0.8884151188841511,0.5331357953313579
LLaMA,PopQA,llama3_8b,popqa,0.75,0.37872008662424944,0.3787200866242491,0.3787200866242495,0.37872008662424983,7.438018334700375e-05,13837,0.8884151188841511,0.5331357953313579
LLaMA,PopQA,llama3_8b,popqa,0.8,0.37872008662424944,0.37872008662424916,0.3787200866242495,0.37872008662424983,7.438018334700375e-05,13837,0.8884151188841511,0.5331357953313579
LLaMA,PopQA,llama3_8b,popqa,0.8500000000000001,0.37872008662424944,0.37872008662424905,0.37872008662424944,0.37872008662424983,7.438018334700375e-05,13837,0.8884151188841511,0.5331357953313579
LLaMA,PopQA,llama3_8b,popqa,0.9,0.37872008662424944,0.37872008662424916,0.3787200866242495,0.37872008662424983,7.438018334700375e-05,13837,0.8884151188841511,0.5331357953313579
LLaMA,PopQA,llama3_8b,popqa,0.9500000000000001,0.37872008662424944,0.37872008662424905,0.37872008662424944,0.37872008662424983,7.438018334700375e-05,13837,0.8884151188841511,0.5331357953313579
LLaMA,PopQA,llama3_8b,popqa,1.0,0.3787200866242481,0.3787200866242481,0.3787200866242481,0.3787200866242481,7.438018334700375e-05,13837,0.8884151188841511,0.5331357953313579
LLaMA,TruthfulQA,llama3_8b,truthfulqa,0.0,0.020567197779430293,0.0025927720817854054,0.017391517348591214,0.049306547235306405,0.003204400367745002,1526,0.2889908256880734,0.5353866317169069
LLaMA,TruthfulQA,llama3_8b,truthfulqa,0.05,0.057756856819193,0.01839006700675576,0.05766591035232424,0.10114470372380224,0.003204400367745002,1526,0.2889908256880734,0.5353866317169069
LLaMA,TruthfulQA,llama3_8b,truthfulqa,0.1,0.12484354469748254,0.0808546001504458,0.12433339352192395,0.16940640931702278,0.003204400367745002,1526,0.2889908256880734,0.5353866317169069
LLaMA,TruthfulQA,llama3_8b,truthfulqa,0.15000000000000002,0.19298350966926295,0.1475220833200455,0.19679804914105392,0.23158108383823642,0.003204400367745002,1526,0.2889908256880734,0.5353866317169069
LLaMA,TruthfulQA,llama3_8b,truthfulqa,0.2,0.27473523555254076,0.24027684251253195,0.2750598772097144,0.3114371343305177,0.003204400367745002,1526,0.2889908256880734,0.5353866317169069
LLaMA,TruthfulQA,llama3_8b,truthfulqa,0.25,0.36527547486930667,0.3272344292554881,0.3649160501774358,0.40549625732414857,0.003204400367745002,1526,0.2889908256880734,0.5353866317169069
LLaMA,TruthfulQA,llama3_8b,truthfulqa,0.30000000000000004,0.47328839194895694,0.4402792920213309,0.47216374049374804,0.5069467751909305,0.003204400367745002,1526,0.2889908256880734,0.5353866317169069
LLaMA,TruthfulQA,llama3_8b,truthfulqa,0.35000000000000003,0.5852665749840859,0.5591213272367038,0.5939043619338862,0.5939043619338862,0.003204400367745002,1526,0.2889908256880734,0.5353866317169069
LLaMA,TruthfulQA,llama3_8b,truthfulqa,0.4,0.5939043619338861,0.5939043619338862,0.5939043619338862,0.5939043619338863,0.003204400367745002,1526,0.2889908256880734,0.5353866317169069
LLaMA,TruthfulQA,llama3_8b,truthfulqa,0.45,0.5939043619338861,0.5939043619338862,0.5939043619338862,0.5939043619338863,0.003204400367745002,1526,0.2889908256880734,0.5353866317169069
LLaMA,TruthfulQA,llama3_8b,truthfulqa,0.5,0.5939043619338861,0.5939043619338862,0.5939043619338862,0.5939043619338863,0.003204400367745002,1526,0.2889908256880734,0.5353866317169069
LLaMA,TruthfulQA,llama3_8b,truthfulqa,0.55,0.5939043619338861,0.5939043619338862,0.5939043619338862,0.5939043619338863,0.003204400367745002,1526,0.2889908256880734,0.5353866317169069
LLaMA,TruthfulQA,llama3_8b,truthfulqa,0.6000000000000001,0.5939043619338861,0.5939043619338862,0.5939043619338862,0.5939043619338863,0.003204400367745002,1526,0.2889908256880734,0.5353866317169069
LLaMA,TruthfulQA,llama3_8b,truthfulqa,0.65,0.5939043619338861,0.5939043619338862,0.5939043619338862,0.5939043619338863,0.003204400367745002,1526,0.2889908256880734,0.5353866317169069
LLaMA,TruthfulQA,llama3_8b,truthfulqa,0.7000000000000001,0.5939043619338861,0.5939043619338862,0.5939043619338862,0.5939043619338863,0.003204400367745002,1526,0.2889908256880734,0.5353866317169069
LLaMA,TruthfulQA,llama3_8b,truthfulqa,0.75,0.5939043619338861,0.5939043619338862,0.5939043619338862,0.5939043619338863,0.003204400367745002,1526,0.2889908256880734,0.5353866317169069
LLaMA,TruthfulQA,llama3_8b,truthfulqa,0.8,0.5939043619338861,0.5939043619338862,0.5939043619338862,0.5939043619338863,0.003204400367745002,1526,0.2889908256880734,0.5353866317169069
LLaMA,TruthfulQA,llama3_8b,truthfulqa,0.8500000000000001,0.5939043619338861,0.5939043619338862,0.5939043619338862,0.5939043619338863,0.003204400367745002,1526,0.2889908256880734,0.5353866317169069
LLaMA,TruthfulQA,llama3_8b,truthfulqa,0.9,0.5939043619338861,0.5939043619338862,0.5939043619338862,0.5939043619338863,0.003204400367745002,1526,0.2889908256880734,0.5353866317169069
LLaMA,TruthfulQA,llama3_8b,truthfulqa,0.9500000000000001,0.5939043619338861,0.5939043619338862,0.5939043619338862,0.5939043619338863,0.003204400367745002,1526,0.2889908256880734,0.5353866317169069
LLaMA,TruthfulQA,llama3_8b,truthfulqa,1.0,0.5939043619338863,0.5939043619338863,0.5939043619338863,0.5939043619338863,0.003204400367745002,1526,0.2889908256880734,0.5353866317169069
Mistral,ChaosNLI,mistral_7b,chaosnli,0.0,0.01040201939670418,0.0007055066147665097,0.007793582091644118,0.02765518321934933,0.0010686092361042471,5855,0.31238257899231425,0.5316823228010248
Mistral,ChaosNLI,mistral_7b,chaosnli,0.05,0.05738345069794811,0.03840506796957497,0.05727415033823921,0.07688174865088239,0.0010686092361042471,5855,0.31238257899231425,0.5316823228010248
Mistral,ChaosNLI,mistral_7b,chaosnli,0.1,0.12039953916579071,0.09896337537585541,0.12152503746441473,0.13998793606389048,0.0010686092361042471,5855,0.31238257899231425,0.5316823228010248
Mistral,ChaosNLI,mistral_7b,chaosnli,0.15000000000000002,0.1915717977189378,0.17133793788580037,0.19094553619844365,0.21310101451781452,0.0010686092361042471,5855,0.31238257899231425,0.5316823228010248
Mistral,ChaosNLI,mistral_7b,chaosnli,0.2,0.2687762545025057,0.2470727479408499,0.2692282262602209,0.2910513724048012,0.0010686092361042471,5855,0.31238257899231425,0.5316823228010248
Mistral,ChaosNLI,mistral_7b,chaosnli,0.25,0.35954872620885675,0.33864872499425,0.3596964293976524,0.3808179853954529,0.0010686092361042471,5855,0.31238257899231425,0.5316823228010248
Mistral,ChaosNLI,mistral_7b,chaosnli,0.30000000000000004,0.4610503575493346,0.44425650498325137,0.4612423716947691,0.4778959062314959,0.0010686092361042471,5855,0.31238257899231425,0.5316823228010248
Mistral,ChaosNLI,mistral_7b,chaosnli,0.35000000000000003,0.5802025199509109,0.5624190560198957,0.5801434386753929,0.5978678213308892,0.0010686092361042471,5855,0.31238257899231425,0.5316823228010248
Mistral,ChaosNLI,mistral_7b,chaosnli,0.4,0.6325780706979041,0.632578070697904,0.6325780706979041,0.6325780706979043,0.0010686092361042471,5855,0.31238257899231425,0.5316823228010248
Mistral,ChaosNLI,mistral_7b,chaosnli,0.45,0.6325780706979041,0.632578070697904,0.6325780706979041,0.6325780706979043,0.0010686092361042471,5855,0.31238257899231425,0.5316823228010248
Mistral,ChaosNLI,mistral_7b,chaosnli,0.5,0.6325780706979041,0.632578070697904,0.6325780706979041,0.6325780706979043,0.0010686092361042471,5855,0.31238257899231425,0.5316823228010248
Mistral,ChaosNLI,mistral_7b,chaosnli,0.55,0.6325780706979041,0.632578070697904,0.6325780706979041,0.6325780706979043,0.0010686092361042471,5855,0.31238257899231425,0.5316823228010248
Mistral,ChaosNLI,mistral_7b,chaosnli,0.6000000000000001,0.6325780706979041,0.632578070697904,0.6325780706979041,0.6325780706979043,0.0010686092361042471,5855,0.31238257899231425,0.5316823228010248
Mistral,ChaosNLI,mistral_7b,chaosnli,0.65,0.6325780706979041,0.632578070697904,0.6325780706979041,0.6325780706979043,0.0010686092361042471,5855,0.31238257899231425,0.5316823228010248
Mistral,ChaosNLI,mistral_7b,chaosnli,0.7000000000000001,0.6325780706979041,0.632578070697904,0.6325780706979041,0.6325780706979043,0.0010686092361042471,5855,0.31238257899231425,0.5316823228010248
Mistral,ChaosNLI,mistral_7b,chaosnli,0.75,0.632578070697904,0.632578070697904,0.6325780706979041,0.6325780706979043,0.0010686092361042471,5855,0.31238257899231425,0.5316823228010248
Mistral,ChaosNLI,mistral_7b,chaosnli,0.8,0.6325780706979041,0.632578070697904,0.6325780706979041,0.6325780706979042,0.0010686092361042471,5855,0.31238257899231425,0.5316823228010248
Mistral,ChaosNLI,mistral_7b,chaosnli,0.8500000000000001,0.6325780706979041,0.6325780706979038,0.6325780706979041,0.6325780706979043,0.0010686092361042471,5855,0.31238257899231425,0.5316823228010248
Mistral,ChaosNLI,mistral_7b,chaosnli,0.9,0.632578070697904,0.632578070697904,0.6325780706979041,0.6325780706979043,0.0010686092361042471,5855,0.31238257899231425,0.5316823228010248
Mistral,ChaosNLI,mistral_7b,chaosnli,0.9500000000000001,0.6325780706979041,0.632578070697904,0.6325780706979041,0.6325780706979043,0.0010686092361042471,5855,0.31238257899231425,0.5316823228010248
Mistral,ChaosNLI,mistral_7b,chaosnli,1.0,0.6325780706979042,0.6325780706979042,0.6325780706979042,0.6325780706979042,0.0010686092361042471,5855,0.31238257899231425,0.5316823228010248
Mistral,Pavlick-NLI,mistral_7b,pavlick_nli,0.0,0.02608532621667283,0.0033298236529531204,0.020747362760707953,0.06634033277806622,0.007684208429891824,935,0.5882352941176471,0.5304812834224599
Mistral,Pavlick-NLI,mistral_7b,pavlick_nli,0.05,0.05442468690611395,0.005378945900924299,0.055454370835719455,0.10988418054745334,0.007684208429891824,935,0.5882352941176471,0.5304812834224599
Mistral,Pavlick-NLI,mistral_7b,pavlick_nli,0.1,0.11099070656135775,0.0619859480011275,0.10988418054745329,0.16649118264765653,0.007684208429891824,935,0.5882352941176471,0.5304812834224599
Mistral,Pavlick-NLI,mistral_7b,pavlick_nli,0.15000000000000002,0.17687203595587841,0.12294733487826948,0.17519995220153398,0.23616133907867587,0.007684208429891824,935,0.5882352941176471,0.5304812834224599
Mistral,Pavlick-NLI,mistral_7b,pavlick_nli,0.2,0.2530389344740903,0.19697187608622746,0.2535788781864307,0.30583149550969524,0.007684208429891824,935,0.5882352941176471,0.5304812834224599
Mistral,Pavlick-NLI,mistral_7b,pavlick_nli,0.25,0.34003954231732564,0.2990821991054402,0.34066657372520476,0.38660533312190815,0.007684208429891824,935,0.5882352941176471,0.5304812834224599
Mistral,Pavlick-NLI,mistral_7b,pavlick_nli,0.30000000000000004,0.43552249170603763,0.38616989464421436,0.43646303881785636,0.48675618299149825,0.007684208429891824,935,0.5882352941176471,0.5304812834224599
Mistral,Pavlick-NLI,mistral_7b,pavlick_nli,0.35000000000000003,0.5456187564061559,0.5017788104719368,0.5453226582413242,0.5845121212337724,0.007684208429891824,935,0.5882352941176471,0.5304812834224599
Mistral,Pavlick-NLI,mistral_7b,pavlick_nli,0.4,0.6769644188177352,0.636764738557037,0.680308586326424,0.7151436645419337,0.007684208429891824,935,0.5882352941176471,0.5304812834224599
Mistral,Pavlick-NLI,mistral_7b,pavlick_nli,0.45,0.8302735980441932,0.7978769753037692,0.8327120535192789,0.86319274695785,0.007684208429891824,935,0.5882352941176471,0.5304812834224599
Mistral,Pavlick-NLI,mistral_7b,pavlick_nli,0.5,0.8893190556194823,0.8893190556194822,0.8893190556194823,0.8893190556194823,0.007684208429891824,935,0.5882352941176471,0.5304812834224599
Mistral,Pavlick-NLI,mistral_7b,pavlick_nli,0.55,0.8893190556194824,0.8893190556194822,0.8893190556194823,0.8893190556194823,0.007684208429891824,935,0.5882352941176471,0.5304812834224599
Mistral,Pavlick-NLI,mistral_7b,pavlick_nli,0.6000000000000001,0.8893190556194824,0.8893190556194822,0.8893190556194823,0.8893190556194823,0.007684208429891824,935,0.5882352941176471,0.5304812834224599
Mistral,Pavlick-NLI,mistral_7b,pavlick_nli,0.65,0.8893190556194824,0.8893190556194822,0.8893190556194823,0.8893190556194823,0.007684208429891824,935,0.5882352941176471,0.5304812834224599
Mistral,Pavlick-NLI,mistral_7b,pavlick_nli,0.7000000000000001,0.8893190556194824,0.8893190556194822,0.8893190556194823,0.8893190556194823,0.007684208429891824,935,0.5882352941176471,0.5304812834224599
Mistral,Pavlick-NLI,mistral_7b,pavlick_nli,0.75,0.8893190556194823,0.8893190556194822,0.8893190556194823,0.8893190556194823,0.007684208429891824,935,0.5882352941176471,0.5304812834224599
Mistral,Pavlick-NLI,mistral_7b,pavlick_nli,0.8,0.8893190556194824,0.8893190556194822,0.8893190556194823,0.8893190556194823,0.007684208429891824,935,0.5882352941176471,0.5304812834224599
Mistral,Pavlick-NLI,mistral_7b,pavlick_nli,0.8500000000000001,0.8893190556194823,0.8893190556194822,0.8893190556194823,0.8893190556194823,0.007684208429891824,935,0.5882352941176471,0.5304812834224599
Mistral,Pavlick-NLI,mistral_7b,pavlick_nli,0.9,0.8893190556194824,0.8893190556194822,0.8893190556194823,0.8893190556194823,0.007684208429891824,935,0.5882352941176471,0.5304812834224599
Mistral,Pavlick-NLI,mistral_7b,pavlick_nli,0.9500000000000001,0.8893190556194824,0.8893190556194822,0.8893190556194823,0.8893190556194823,0.007684208429891824,935,0.5882352941176471,0.5304812834224599
Mistral,Pavlick-NLI,mistral_7b,pavlick_nli,1.0,0.8893190556194827,0.8893190556194827,0.8893190556194827,0.8893190556194827,0.007684208429891824,935,0.5882352941176471,0.5304812834224599
Mistral,PubMedQA,mistral_7b,pubmedqa,0.0,0.019230945545972503,0.0020842058954460784,0.015587041598860995,0.049018520043127484,0.00830715517046124,1868,0.1076017130620985,0.5353319057815846
Mistral,PubMedQA,mistral_7b,pubmedqa,0.05,0.08293098277176378,0.04640881241212147,0.08104668263181258,0.12105342273555574,0.00830715517046124,1868,0.1076017130620985,0.5353319057815846
Mistral,PubMedQA,mistral_7b,pubmedqa,0.1,0.18038809442188658,0.14148976616517356,0.18149650626891672,0.2195981635105769,0.00830715517046124,1868,0.1076017130620985,0.5353319057815846
Mistral,PubMedQA,mistral_7b,pubmedqa,0.15000000000000002,0.28468964922742024,0.25077224670829884,0.2854101169279898,0.3200479871476808,0.00830715517046124,1868,0.1076017130620985,0.5353319057815846
Mistral,PubMedQA,mistral_7b,pubmedqa,0.2,0.32351177416965,0.3235117741696499,0.32351177416965,0.32351177416965,0.00830715517046124,1868,0.1076017130620985,0.5353319057815846
Mistral,PubMedQA,mistral_7b,pubmedqa,0.25,0.32351177416964993,0.3235117741696499,0.32351177416965,0.32351177416965,0.00830715517046124,1868,0.1076017130620985,0.5353319057815846
Mistral,PubMedQA,mistral_7b,pubmedqa,0.30000000000000004,0.32351177416965,0.3235117741696499,0.32351177416965,0.32351177416965,0.00830715517046124,1868,0.1076017130620985,0.5353319057815846
Mistral,PubMedQA,mistral_7b,pubmedqa,0.35000000000000003,0.32351177416965,0.3235117741696499,0.32351177416965,0.32351177416965005,0.00830715517046124,1868,0.1076017130620985,0.5353319057815846
Mistral,PubMedQA,mistral_7b,pubmedqa,0.4,0.32351177416964993,0.3235117741696499,0.32351177416965,0.32351177416965005,0.00830715517046124,1868,0.1076017130620985,0.5353319057815846
Mistral,PubMedQA,mistral_7b,pubmedqa,0.45,0.32351177416965,0.3235117741696499,0.32351177416965,0.32351177416965005,0.00830715517046124,1868,0.1076017130620985,0.5353319057815846
Mistral,PubMedQA,mistral_7b,pubmedqa,0.5,0.32351177416964993,0.3235117741696499,0.32351177416965,0.32351177416965,0.00830715517046124,1868,0.1076017130620985,0.5353319057815846
Mistral,PubMedQA,mistral_7b,pubmedqa,0.55,0.32351177416965,0.3235117741696499,0.32351177416964993,0.32351177416965,0.00830715517046124,1868,0.1076017130620985,0.5353319057815846
Mistral,PubMedQA,mistral_7b,pubmedqa,0.6000000000000001,0.32351177416964993,0.3235117741696499,0.32351177416965,0.32351177416965005,0.00830715517046124,1868,0.1076017130620985,0.5353319057815846
Mistral,PubMedQA,mistral_7b,pubmedqa,0.65,0.32351177416965,0.3235117741696499,0.32351177416965,0.32351177416965,0.00830715517046124,1868,0.1076017130620985,0.5353319057815846
Mistral,PubMedQA,mistral_7b,pubmedqa,0.7000000000000001,0.32351177416964993,0.3235117741696499,0.32351177416965,0.32351177416965005,0.00830715517046124,1868,0.1076017130620985,0.5353319057815846
Mistral,PubMedQA,mistral_7b,pubmedqa,0.75,0.32351177416964993,0.3235117741696499,0.32351177416965,0.32351177416965005,0.00830715517046124,1868,0.1076017130620985,0.5353319057815846
Mistral,PubMedQA,mistral_7b,pubmedqa,0.8,0.32351177416965,0.3235117741696499,0.32351177416965,0.32351177416965,0.00830715517046124,1868,0.1076017130620985,0.5353319057815846
Mistral,PubMedQA,mistral_7b,pubmedqa,0.8500000000000001,0.32351177416964993,0.3235117741696499,0.32351177416965,0.32351177416965005,0.00830715517046124,1868,0.1076017130620985,0.5353319057815846
Mistral,PubMedQA,mistral_7b,pubmedqa,0.9,0.32351177416964993,0.3235117741696499,0.32351177416965,0.32351177416965,0.00830715517046124,1868,0.1076017130620985,0.5353319057815846
Mistral,PubMedQA,mistral_7b,pubmedqa,0.9500000000000001,0.32351177416965,0.3235117741696499,0.32351177416965,0.32351177416965,0.00830715517046124,1868,0.1076017130620985,0.5353319057815846
Mistral,PubMedQA,mistral_7b,pubmedqa,1.0,0.32351177416965,0.32351177416965,0.32351177416965,0.32351177416965,0.00830715517046124,1868,0.1076017130620985,0.5353319057815846
Mistral,MedQA,mistral_7b,medqa,0.0,0.0058954426272816085,0.00021381670551155526,0.004928014297463281,0.013347167753418392,4.113969449285871e-06,19115,0.5011770860580695,0.5324614177347633
Mistral,MedQA,mistral_7b,medqa,0.05,0.052456639935231995,0.04120021646888166,0.05222009524895373,0.06314560779779788,4.113969449285871e-06,19115,0.5011770860580695,0.5324614177347633
Mistral,MedQA,mistral_7b,medqa,0.1,0.11121618539082376,0.1003363880384412,0.11146111818654449,0.122889917301938,4.113969449285871e-06,19115,0.5011770860580695,0.5324614177347633
Mistral,MedQA,mistral_7b,medqa,0.15000000000000002,0.17569054980958432,0.16336254536195585,0.17657381773387842,0.18738399377788842,4.113969449285871e-06,19115,0.5011770860580695,0.5324614177347633
Mistral,MedQA,mistral_7b,medqa,0.2,0.24904205045133254,0.23801671940012284,0.24913096441142313,0.26005647696026696,4.113969449285871e-06,19115,0.5011770860580695,0.5324614177347633
Mistral,MedQA,mistral_7b,medqa,0.25,0.3326480148865253,0.3210380326071742,0.332802356100267,0.343329433450593,4.113969449285871e-06,19115,0.5011770860580695,0.5324614177347633
Mistral,MedQA,mistral_7b,medqa,0.30000000000000004,0.42706457477120024,0.4171028559972984,0.427168587328287,0.43807312960352535,4.113969449285871e-06,19115,0.5011770860580695,0.5324614177347633
Mistral,MedQA,mistral_7b,medqa,0.35000000000000003,0.536916094841004,0.5269870896939282,0.5374722264970404,0.5451368615001173,4.113969449285871e-06,19115,0.5011770860580695,0.5324614177347633
Mistral,MedQA,mistral_7b,medqa,0.4,0.664951358560236,0.6563736778443447,0.6647617872868362,0.6734749359702235,4.113969449285871e-06,19115,0.5011770860580695,0.5324614177347633
Mistral,MedQA,mistral_7b,medqa,0.45,0.8164406150916166,0.8105051888501098,0.8159574599877292,0.8232970557499082,4.113969449285871e-06,19115,0.5011770860580695,0.5324614177347633
Mistral,MedQA,mistral_7b,medqa,0.5,0.9392626687923483,0.9392626687923478,0.9392626687923482,0.9392626687923485,4.113969449285871e-06,19115,0.5011770860580695,0.5324614177347633
Mistral,MedQA,mistral_7b,medqa,0.55,0.9392626687923482,0.9392626687923478,0.9392626687923482,0.9392626687923487,4.113969449285871e-06,19115,0.5011770860580695,0.5324614177347633
Mistral,MedQA,mistral_7b,medqa,0.6000000000000001,0.9392626687923483,0.9392626687923478,0.9392626687923482,0.9392626687923487,4.113969449285871e-06,19115,0.5011770860580695,0.5324614177347633
Mistral,MedQA,mistral_7b,medqa,0.65,0.9392626687923483,0.9392626687923478,0.9392626687923482,0.9392626687923487,4.113969449285871e-06,19115,0.5011770860580695,0.5324614177347633
Mistral,MedQA,mistral_7b,medqa,0.7000000000000001,0.9392626687923482,0.9392626687923478,0.9392626687923482,0.9392626687923487,4.113969449285871e-06,19115,0.5011770860580695,0.5324614177347633
Mistral,MedQA,mistral_7b,medqa,0.75,0.9392626687923482,0.9392626687923478,0.9392626687923482,0.9392626687923487,4.113969449285871e-06,19115,0.5011770860580695,0.5324614177347633
Mistral,MedQA,mistral_7b,medqa,0.8,0.9392626687923482,0.9392626687923478,0.9392626687923482,0.9392626687923487,4.113969449285871e-06,19115,0.5011770860580695,0.5324614177347633
Mistral,MedQA,mistral_7b,medqa,0.8500000000000001,0.9392626687923482,0.939262668792348,0.9392626687923482,0.9392626687923487,4.113969449285871e-06,19115,0.5011770860580695,0.5324614177347633
Mistral,MedQA,mistral_7b,medqa,0.9,0.9392626687923482,0.9392626687923478,0.9392626687923482,0.9392626687923487,4.113969449285871e-06,19115,0.5011770860580695,0.5324614177347633
Mistral,MedQA,mistral_7b,medqa,0.9500000000000001,0.9392626687923482,0.9392626687923478,0.9392626687923482,0.9392626687923488,4.113969449285871e-06,19115,0.5011770860580695,0.5324614177347633
Mistral,MedQA,mistral_7b,medqa,1.0,0.9392626687923508,0.9392626687923508,0.9392626687923508,0.9392626687923508,4.113969449285871e-06,19115,0.5011770860580695,0.5324614177347633
Mistral,PopQA,mistral_7b,popqa,0.0,0.006660931552056903,0.0008457794920865546,0.0055209580526012535,0.015190072662988118,7.438018334700375e-05,13837,0.8884151188841511,0.5331357953313579
Mistral,PopQA,mistral_7b,popqa,0.05,0.08390092661534287,0.07067363128098568,0.08334883081008276,0.09832442952776366,7.438018334700375e-05,13837,0.8884151188841511,0.5331357953313579
Mistral,PopQA,mistral_7b,popqa,0.1,0.1759003312845383,0.16176943914890551,0.17582487819115264,0.19008735316037262,7.438018334700375e-05,13837,0.8884151188841511,0.5331357953313579
Mistral,PopQA,mistral_7b,popqa,0.15000000000000002,0.2801194564434926,0.26600052638364,0.2802630013528603,0.294985556159797,7.438018334700375e-05,13837,0.8884151188841511,0.5331357953313579
Mistral,PopQA,mistral_7b,popqa,0.2,0.3787108850274951,0.37872008662424905,0.37872008662424944,0.37872008662424983,7.438018334700375e-05,13837,0.8884151188841511,0.5331357953313579
Mistral,PopQA,mistral_7b,popqa,0.25,0.37872008662424944,0.3787200866242491,0.37872008662424944,0.37872008662424983,7.438018334700375e-05,13837,0.8884151188841511,0.5331357953313579
Mistral,PopQA,mistral_7b,popqa,0.30000000000000004,0.3787200866242494,0.3787200866242491,0.37872008662424944,0.3787200866242498,7.438018334700375e-05,13837,0.8884151188841511,0.5331357953313579
Mistral,PopQA,mistral_7b,popqa,0.35000000000000003,0.3787200866242495,0.37872008662424916,0.3787200866242495,0.37872008662424983,7.438018334700375e-05,13837,0.8884151188841511,0.5331357953313579
Mistral,PopQA,mistral_7b,popqa,0.4,0.3787200866242495,0.3787200866242491,0.37872008662424944,0.37872008662424983,7.438018334700375e-05,13837,0.8884151188841511,0.5331357953313579
Mistral,PopQA,mistral_7b,popqa,0.45,0.3787200866242495,0.3787200866242491,0.3787200866242495,0.3787200866242499,7.438018334700375e-05,13837,0.8884151188841511,0.5331357953313579
Mistral,PopQA,mistral_7b,popqa,0.5,0.37872008662424944,0.3787200866242491,0.3787200866242495,0.37872008662424983,7.438018334700375e-05,13837,0.8884151188841511,0.5331357953313579
Mistral,PopQA,mistral_7b,popqa,0.55,0.37872008662424944,0.37872008662424916,0.37872008662424944,0.37872008662424983,7.438018334700375e-05,13837,0.8884151188841511,0.5331357953313579
Mistral,PopQA,mistral_7b,popqa,0.6000000000000001,0.37872008662424944,0.37872008662424905,0.37872008662424944,0.37872008662424983,7.438018334700375e-05,13837,0.8884151188841511,0.5331357953313579
Mistral,PopQA,mistral_7b,popqa,0.65,0.37872008662424944,0.3787200866242491,0.37872008662424944,0.37872008662424983,7.438018334700375e-05,13837,0.8884151188841511,0.5331357953313579
Mistral,PopQA,mistral_7b,popqa,0.7000000000000001,0.37872008662424944,0.37872008662424905,0.37872008662424944,0.37872008662424983,7.438018334700375e-05,13837,0.8884151188841511,0.5331357953313579
Mistral,PopQA,mistral_7b,popqa,0.75,0.3787200866242495,0.37872008662424905,0.3787200866242495,0.3787200866242499,7.438018334700375e-05,13837,0.8884151188841511,0.5331357953313579
Mistral,PopQA,mistral_7b,popqa,0.8,0.37872008662424944,0.37872008662424905,0.37872008662424944,0.3787200866242498,7.438018334700375e-05,13837,0.8884151188841511,0.5331357953313579
Mistral,PopQA,mistral_7b,popqa,0.8500000000000001,0.3787200866242494,0.3787200866242491,0.37872008662424944,0.37872008662424983,7.438018334700375e-05,13837,0.8884151188841511,0.5331357953313579
Mistral,PopQA,mistral_7b,popqa,0.9,0.37872008662424944,0.3787200866242491,0.3787200866242495,0.3787200866242498,7.438018334700375e-05,13837,0.8884151188841511,0.5331357953313579
Mistral,PopQA,mistral_7b,popqa,0.9500000000000001,0.37872008662424944,0.3787200866242491,0.37872008662424944,0.3787200866242498,7.438018334700375e-05,13837,0.8884151188841511,0.5331357953313579
Mistral,PopQA,mistral_7b,popqa,1.0,0.3787200866242481,0.3787200866242481,0.3787200866242481,0.3787200866242481,7.438018334700375e-05,13837,0.8884151188841511,0.5331357953313579
Mistral,TruthfulQA,mistral_7b,truthfulqa,0.0,0.01869189226960973,0.0025927720817854006,0.014798745266805798,0.04827741616284382,0.003204400367745002,1526,0.2889908256880734,0.5353866317169069
Mistral,TruthfulQA,mistral_7b,truthfulqa,0.05,0.060311867502453924,0.019984289430376615,0.060564496577089406,0.10404328994856743,0.003204400367745002,1526,0.2889908256880734,0.5353866317169069
Mistral,TruthfulQA,mistral_7b,truthfulqa,0.1,0.12229278881968916,0.07505742770091543,0.1214348072971587,0.16650782309225756,0.003204400367745002,1526,0.2889908256880734,0.5353866317169069
Mistral,TruthfulQA,mistral_7b,truthfulqa,0.15000000000000002,0.1933545287060329,0.15172503334595508,0.1910008766915236,0.23447967006300166,0.003204400367745002,1526,0.2889908256880734,0.5353866317169069
Mistral,TruthfulQA,mistral_7b,truthfulqa,0.2,0.27705410453235296,0.23578403386414598,0.2750598772097145,0.3214372568059578,0.003204400367745002,1526,0.2889908256880734,0.5353866317169069
Mistral,TruthfulQA,mistral_7b,truthfulqa,0.25,0.36748999474502725,0.32723442925548807,0.36781463640220097,0.4025976710993833,0.003204400367745002,1526,0.2889908256880734,0.5353866317169069
Mistral,TruthfulQA,mistral_7b,truthfulqa,0.30000000000000004,0.472534759530518,0.43738070579656557,0.47506232671851323,0.5069467751909303,0.003204400367745002,1526,0.2889908256880734,0.5353866317169069
Mistral,TruthfulQA,mistral_7b,truthfulqa,0.35000000000000003,0.5869825380291468,0.5649184996862342,0.5939043619338862,0.5939043619338862,0.003204400367745002,1526,0.2889908256880734,0.5353866317169069
Mistral,TruthfulQA,mistral_7b,truthfulqa,0.4,0.5939043619338861,0.5939043619338862,0.5939043619338862,0.5939043619338862,0.003204400367745002,1526,0.2889908256880734,0.5353866317169069
Mistral,TruthfulQA,mistral_7b,truthfulqa,0.45,0.5939043619338861,0.5939043619338862,0.5939043619338862,0.5939043619338863,0.003204400367745002,1526,0.2889908256880734,0.5353866317169069
Mistral,TruthfulQA,mistral_7b,truthfulqa,0.5,0.5939043619338861,0.5939043619338862,0.5939043619338862,0.5939043619338863,0.003204400367745002,1526,0.2889908256880734,0.5353866317169069
Mistral,TruthfulQA,mistral_7b,truthfulqa,0.55,0.5939043619338861,0.5939043619338862,0.5939043619338862,0.5939043619338863,0.003204400367745002,1526,0.2889908256880734,0.5353866317169069
Mistral,TruthfulQA,mistral_7b,truthfulqa,0.6000000000000001,0.5939043619338861,0.5939043619338862,0.5939043619338862,0.5939043619338863,0.003204400367745002,1526,0.2889908256880734,0.5353866317169069
Mistral,TruthfulQA,mistral_7b,truthfulqa,0.65,0.5939043619338861,0.5939043619338862,0.5939043619338862,0.5939043619338863,0.003204400367745002,1526,0.2889908256880734,0.5353866317169069
Mistral,TruthfulQA,mistral_7b,truthfulqa,0.7000000000000001,0.5939043619338861,0.5939043619338862,0.5939043619338862,0.5939043619338863,0.003204400367745002,1526,0.2889908256880734,0.5353866317169069
Mistral,TruthfulQA,mistral_7b,truthfulqa,0.75,0.5939043619338861,0.5939043619338862,0.5939043619338862,0.5939043619338863,0.003204400367745002,1526,0.2889908256880734,0.5353866317169069
Mistral,TruthfulQA,mistral_7b,truthfulqa,0.8,0.5939043619338861,0.5939043619338862,0.5939043619338862,0.5939043619338863,0.003204400367745002,1526,0.2889908256880734,0.5353866317169069
Mistral,TruthfulQA,mistral_7b,truthfulqa,0.8500000000000001,0.5939043619338861,0.5939043619338862,0.5939043619338862,0.5939043619338863,0.003204400367745002,1526,0.2889908256880734,0.5353866317169069
Mistral,TruthfulQA,mistral_7b,truthfulqa,0.9,0.5939043619338861,0.5939043619338862,0.5939043619338862,0.5939043619338863,0.003204400367745002,1526,0.2889908256880734,0.5353866317169069
Mistral,TruthfulQA,mistral_7b,truthfulqa,0.9500000000000001,0.5939043619338861,0.5939043619338862,0.5939043619338862,0.5939043619338863,0.003204400367745002,1526,0.2889908256880734,0.5353866317169069
Mistral,TruthfulQA,mistral_7b,truthfulqa,1.0,0.5939043619338863,0.5939043619338863,0.5939043619338863,0.5939043619338863,0.003204400367745002,1526,0.2889908256880734,0.5353866317169069
Qwen,ChaosNLI,qwen2_5_7b,chaosnli,0.0,0.010202262122871853,0.0010686092361042482,0.00919228461987358,0.025142551424499556,0.0010686092361042471,5855,0.31238257899231425,0.5316823228010248
Qwen,ChaosNLI,qwen2_5_7b,chaosnli,0.05,0.0553835495216529,0.03438015607488927,0.055058602506302116,0.07762026459486143,0.0010686092361042471,5855,0.31238257899231425,0.5316823228010248
Qwen,ChaosNLI,qwen2_5_7b,chaosnli,0.1,0.11968170166824309,0.09789252725708583,0.11894023166048814,0.1408003036022674,0.0010686092361042471,5855,0.31238257899231425,0.5316823228010248
Qwen,ChaosNLI,qwen2_5_7b,chaosnli,0.15000000000000002,0.1910577906219284,0.16978705440344438,0.19094553619844357,0.2120301663990448,0.0010686092361042471,5855,0.31238257899231425,0.5316823228010248
Qwen,ChaosNLI,qwen2_5_7b,chaosnli,0.2,0.2709829401431151,0.25142999201032623,0.27144377409215786,0.29064518863561295,0.0010686092361042471,5855,0.31238257899231425,0.5316823228010248
Qwen,ChaosNLI,qwen2_5_7b,chaosnli,0.25,0.3592119629384023,0.3401257568822081,0.35932717142566284,0.3763130381371808,0.0010686092361042471,5855,0.31238257899231425,0.5316823228010248
Qwen,ChaosNLI,qwen2_5_7b,chaosnli,0.30000000000000004,0.4616086756029828,0.44351798903927203,0.461980887638748,0.4789667543502656,0.0010686092361042471,5855,0.31238257899231425,0.5316823228010248
Qwen,ChaosNLI,qwen2_5_7b,chaosnli,0.35000000000000003,0.5801168521014093,0.5638960879078538,0.5808819546193713,0.5967969732121201,0.0010686092361042471,5855,0.31238257899231425,0.5316823228010248
Qwen,ChaosNLI,qwen2_5_7b,chaosnli,0.4,0.6325780706979041,0.632578070697904,0.6325780706979041,0.6325780706979043,0.0010686092361042471,5855,0.31238257899231425,0.5316823228010248
Qwen,ChaosNLI,qwen2_5_7b,chaosnli,0.45,0.6325780706979041,0.632578070697904,0.6325780706979041,0.6325780706979043,0.0010686092361042471,5855,0.31238257899231425,0.5316823228010248
Qwen,ChaosNLI,qwen2_5_7b,chaosnli,0.5,0.6325780706979041,0.632578070697904,0.6325780706979041,0.6325780706979043,0.0010686092361042471,5855,0.31238257899231425,0.5316823228010248
Qwen,ChaosNLI,qwen2_5_7b,chaosnli,0.55,0.6325780706979041,0.632578070697904,0.6325780706979041,0.6325780706979043,0.0010686092361042471,5855,0.31238257899231425,0.5316823228010248
Qwen,ChaosNLI,qwen2_5_7b,chaosnli,0.6000000000000001,0.6325780706979041,0.632578070697904,0.6325780706979041,0.6325780706979043,0.0010686092361042471,5855,0.31238257899231425,0.5316823228010248
Qwen,ChaosNLI,qwen2_5_7b,chaosnli,0.65,0.6325780706979041,0.6325780706979038,0.6325780706979041,0.6325780706979043,0.0010686092361042471,5855,0.31238257899231425,0.5316823228010248
Qwen,ChaosNLI,qwen2_5_7b,chaosnli,0.7000000000000001,0.6325780706979041,0.632578070697904,0.6325780706979041,0.6325780706979042,0.0010686092361042471,5855,0.31238257899231425,0.5316823228010248
Qwen,ChaosNLI,qwen2_5_7b,chaosnli,0.75,0.6325780706979041,0.632578070697904,0.6325780706979041,0.6325780706979043,0.0010686092361042471,5855,0.31238257899231425,0.5316823228010248
Qwen,ChaosNLI,qwen2_5_7b,chaosnli,0.8,0.6325780706979041,0.632578070697904,0.6325780706979041,0.6325780706979043,0.0010686092361042471,5855,0.31238257899231425,0.5316823228010248
Qwen,ChaosNLI,qwen2_5_7b,chaosnli,0.8500000000000001,0.6325780706979041,0.632578070697904,0.6325780706979041,0.6325780706979043,0.0010686092361042471,5855,0.31238257899231425,0.5316823228010248
Qwen,ChaosNLI,qwen2_5_7b,chaosnli,0.9,0.6325780706979041,0.632578070697904,0.6325780706979041,0.6325780706979043,0.0010686092361042471,5855,0.31238257899231425,0.5316823228010248
Qwen,ChaosNLI,qwen2_5_7b,chaosnli,0.9500000000000001,0.6325780706979041,0.6325780706979038,0.6325780706979041,0.6325780706979043,0.0010686092361042471,5855,0.31238257899231425,0.5316823228010248
Qwen,ChaosNLI,qwen2_5_7b,chaosnli,1.0,0.6325780706979042,0.6325780706979042,0.6325780706979042,0.6325780706979042,0.0010686092361042471,5855,0.31238257899231425,0.5316823228010248
Qwen,Pavlick-NLI,qwen2_5_7b,pavlick_nli,0.0,0.024254435488110602,0.0010245611239855863,0.020747362760707957,0.05993682575315634,0.007684208429891824,935,0.5882352941176471,0.5304812834224599
Qwen,Pavlick-NLI,qwen2_5_7b,pavlick_nli,0.05,0.059404053968683854,0.00860631344147886,0.06198594800112751,0.11423856532439203,0.007684208429891824,935,0.5882352941176471,0.5304812834224599
Qwen,Pavlick-NLI,qwen2_5_7b,pavlick_nli,0.1,0.11307159020417246,0.07069471755500494,0.10988418054745334,0.1621367978707178,0.007684208429891824,935,0.5882352941176471,0.5304812834224599
Qwen,Pavlick-NLI,qwen2_5_7b,pavlick_nli,0.15000000000000002,0.18194053983623504,0.1292611928048306,0.18390872175541137,0.2385562507059921,0.007684208429891824,935,0.5882352941176471,0.5304812834224599
Qwen,Pavlick-NLI,qwen2_5_7b,pavlick_nli,0.2,0.25784617526783066,0.20568064564010488,0.25793326296336944,0.3145402650635727,0.007684208429891824,935,0.5882352941176471,0.5304812834224599
Qwen,Pavlick-NLI,qwen2_5_7b,pavlick_nli,0.25,0.3336647230038874,0.279705186848063,0.3319578041713275,0.38421042149459195,0.007684208429891824,935,0.5882352941176471,0.5304812834224599
Qwen,Pavlick-NLI,qwen2_5_7b,pavlick_nli,0.30000000000000004,0.43501738307191273,0.38856480627153067,0.43646303881785625,0.4843612713641821,0.007684208429891824,935,0.5882352941176471,0.5304812834224599
Qwen,Pavlick-NLI,qwen2_5_7b,pavlick_nli,0.35000000000000003,0.543911837573596,0.4930700409180595,0.5453226582413239,0.5975752755645884,0.007684208429891824,935,0.5882352941176471,0.5304812834224599
Qwen,Pavlick-NLI,qwen2_5_7b,pavlick_nli,0.4,0.6783752394854632,0.6454735081109143,0.6781313939379547,0.7175385761692499,0.007684208429891824,935,0.5882352941176471,0.5304812834224599
Qwen,Pavlick-NLI,qwen2_5_7b,pavlick_nli,0.45,0.8304303558961631,0.7998364484533916,0.8327120535192789,0.8544839774039726,0.007684208429891824,935,0.5882352941176471,0.5304812834224599
Qwen,Pavlick-NLI,qwen2_5_7b,pavlick_nli,0.5,0.8893190556194824,0.8893190556194822,0.8893190556194823,0.8893190556194823,0.007684208429891824,935,0.5882352941176471,0.5304812834224599
Qwen,Pavlick-NLI,qwen2_5_7b,pavlick_nli,0.55,0.8893190556194824,0.8893190556194822,0.8893190556194823,0.8893190556194823,0.007684208429891824,935,0.5882352941176471,0.5304812834224599
Qwen,Pavlick-NLI,qwen2_5_7b,pavlick_nli,0.6000000000000001,0.8893190556194824,0.8893190556194822,0.8893190556194823,0.8893190556194823,0.007684208429891824,935,0.5882352941176471,0.5304812834224599
Qwen,Pavlick-NLI,qwen2_5_7b,pavlick_nli,0.65,0.8893190556194823,0.8893190556194822,0.8893190556194823,0.8893190556194823,0.007684208429891824,935,0.5882352941176471,0.5304812834224599
Qwen,Pavlick-NLI,qwen2_5_7b,pavlick_nli,0.7000000000000001,0.8893190556194824,0.8893190556194822,0.8893190556194823,0.8893190556194823,0.007684208429891824,935,0.5882352941176471,0.5304812834224599
Qwen,Pavlick-NLI,qwen2_5_7b,pavlick_nli,0.75,0.8893190556194823,0.8893190556194822,0.8893190556194823,0.8893190556194823,0.007684208429891824,935,0.5882352941176471,0.5304812834224599
Qwen,Pavlick-NLI,qwen2_5_7b,pavlick_nli,0.8,0.8893190556194823,0.8893190556194822,0.8893190556194823,0.8893190556194823,0.007684208429891824,935,0.5882352941176471,0.5304812834224599
Qwen,Pavlick-NLI,qwen2_5_7b,pavlick_nli,0.8500000000000001,0.8893190556194823,0.8893190556194822,0.8893190556194823,0.8893190556194823,0.007684208429891824,935,0.5882352941176471,0.5304812834224599
Qwen,Pavlick-NLI,qwen2_5_7b,pavlick_nli,0.9,0.8893190556194823,0.8893190556194822,0.8893190556194823,0.8893190556194823,0.007684208429891824,935,0.5882352941176471,0.5304812834224599
Qwen,Pavlick-NLI,qwen2_5_7b,pavlick_nli,0.9500000000000001,0.8893190556194823,0.8893190556194822,0.8893190556194823,0.8893190556194823,0.007684208429891824,935,0.5882352941176471,0.5304812834224599
Qwen,Pavlick-NLI,qwen2_5_7b,pavlick_nli,1.0,0.8893190556194827,0.8893190556194827,0.8893190556194827,0.8893190556194827,0.007684208429891824,935,0.5882352941176471,0.5304812834224599
Qwen,PubMedQA,qwen2_5_7b,pubmedqa,0.0,0.01968840278016301,0.0020842058954460797,0.01869851623636858,0.04640881241212146,0.00830715517046124,1868,0.1076017130620985,0.5353319057815846
Qwen,PubMedQA,qwen2_5_7b,pubmedqa,0.05,0.08387313284173936,0.04987259943409058,0.0845104696537817,0.11914833987347281,0.00830715517046124,1868,0.1076017130620985,0.5353319057815846
Qwen,PubMedQA,qwen2_5_7b,pubmedqa,0.1,0.17778332658136584,0.13646727498331837,0.17803271924694766,0.21267058946663872,0.00830715517046124,1868,0.1076017130620985,0.5353319057815846
Qwen,PubMedQA,qwen2_5_7b,pubmedqa,0.15000000000000002,0.2849251867449142,0.25077224670829873,0.2854101169279899,0.32195307000976375,0.00830715517046124,1868,0.1076017130620985,0.5353319057815846
Qwen,PubMedQA,qwen2_5_7b,pubmedqa,0.2,0.32351177416964993,0.3235117741696499,0.32351177416965,0.32351177416965,0.00830715517046124,1868,0.1076017130620985,0.5353319057815846
Qwen,PubMedQA,qwen2_5_7b,pubmedqa,0.25,0.32351177416964993,0.3235117741696499,0.32351177416965,0.32351177416965,0.00830715517046124,1868,0.1076017130620985,0.5353319057815846
Qwen,PubMedQA,qwen2_5_7b,pubmedqa,0.30000000000000004,0.32351177416965,0.3235117741696499,0.32351177416965,0.32351177416965,0.00830715517046124,1868,0.1076017130620985,0.5353319057815846
Qwen,PubMedQA,qwen2_5_7b,pubmedqa,0.35000000000000003,0.32351177416964993,0.3235117741696499,0.32351177416965,0.32351177416965,0.00830715517046124,1868,0.1076017130620985,0.5353319057815846
Qwen,PubMedQA,qwen2_5_7b,pubmedqa,0.4,0.32351177416964993,0.3235117741696499,0.32351177416964993,0.32351177416965,0.00830715517046124,1868,0.1076017130620985,0.5353319057815846
Qwen,PubMedQA,qwen2_5_7b,pubmedqa,0.45,0.32351177416965,0.3235117741696499,0.32351177416965,0.32351177416965,0.00830715517046124,1868,0.1076017130620985,0.5353319057815846
Qwen,PubMedQA,qwen2_5_7b,pubmedqa,0.5,0.32351177416964993,0.3235117741696499,0.32351177416965,0.32351177416965005,0.00830715517046124,1868,0.1076017130620985,0.5353319057815846
Qwen,PubMedQA,qwen2_5_7b,pubmedqa,0.55,0.32351177416964993,0.3235117741696499,0.32351177416964993,0.32351177416965005,0.00830715517046124,1868,0.1076017130620985,0.5353319057815846
Qwen,PubMedQA,qwen2_5_7b,pubmedqa,0.6000000000000001,0.32351177416964993,0.3235117741696499,0.32351177416964993,0.32351177416965,0.00830715517046124,1868,0.1076017130620985,0.5353319057815846
Qwen,PubMedQA,qwen2_5_7b,pubmedqa,0.65,0.32351177416965,0.3235117741696499,0.32351177416965,0.32351177416965,0.00830715517046124,1868,0.1076017130620985,0.5353319057815846
Qwen,PubMedQA,qwen2_5_7b,pubmedqa,0.7000000000000001,0.32351177416965,0.3235117741696499,0.32351177416965,0.32351177416965,0.00830715517046124,1868,0.1076017130620985,0.5353319057815846
Qwen,PubMedQA,qwen2_5_7b,pubmedqa,0.75,0.32351177416964993,0.3235117741696499,0.32351177416965,0.32351177416965,0.00830715517046124,1868,0.1076017130620985,0.5353319057815846
Qwen,PubMedQA,qwen2_5_7b,pubmedqa,0.8,0.32351177416965,0.3235117741696499,0.32351177416965,0.32351177416965,0.00830715517046124,1868,0.1076017130620985,0.5353319057815846
Qwen,PubMedQA,qwen2_5_7b,pubmedqa,0.8500000000000001,0.32351177416964993,0.3235117741696499,0.32351177416965,0.32351177416965,0.00830715517046124,1868,0.1076017130620985,0.5353319057815846
Qwen,PubMedQA,qwen2_5_7b,pubmedqa,0.9,0.32351177416965,0.3235117741696499,0.32351177416965,0.32351177416965005,0.00830715517046124,1868,0.1076017130620985,0.5353319057815846
Qwen,PubMedQA,qwen2_5_7b,pubmedqa,0.9500000000000001,0.32351177416965,0.3235117741696499,0.32351177416965,0.32351177416965005,0.00830715517046124,1868,0.1076017130620985,0.5353319057815846
Qwen,PubMedQA,qwen2_5_7b,pubmedqa,1.0,0.32351177416965,0.32351177416965,0.32351177416965,0.32351177416965,0.00830715517046124,1868,0.1076017130620985,0.5353319057815846
Qwen,MedQA,qwen2_5_7b,medqa,0.0,0.005774473275477378,0.0004235194415738192,0.005246682371005972,0.01279227829674324,4.113969449285871e-06,19115,0.5011770860580695,0.5324614177347633
Qwen,MedQA,qwen2_5_7b,medqa,0.05,0.05261685282558358,0.042039027413130745,0.052220095248953755,0.06491759591752405,4.113969449285871e-06,19115,0.5011770860580695,0.5324614177347633
Qwen,MedQA,qwen2_5_7b,medqa,0.1,0.11122625112215476,0.09898380539083956,0.11072715861032664,0.12247051182981353,4.113969449285871e-06,19115,0.5011770860580695,0.5324614177347633
Qwen,MedQA,qwen2_5_7b,medqa,0.15000000000000002,0.1758180490731102,0.163110902078681,0.17594470952569174,0.1874783600091165,4.113969449285871e-06,19115,0.5011770860580695,0.5324614177347633
Qwen,MedQA,qwen2_5_7b,medqa,0.2,0.2495101069582235,0.23894989657559976,0.24955036988354767,0.26024520942272317,4.113969449285871e-06,19115,0.5011770860580695,0.5324614177347633
Qwen,MedQA,qwen2_5_7b,medqa,0.25,0.3324240523644108,0.32155180431052655,0.3323829506281424,0.34319312667215235,4.113969449285871e-06,19115,0.5011770860580695,0.5324614177347633
Qwen,MedQA,qwen2_5_7b,medqa,0.30000000000000004,0.428108055585846,0.41782633043671313,0.4283219523766296,0.4381884661083595,4.113969449285871e-06,19115,0.5011770860580695,0.5324614177347633
Qwen,MedQA,qwen2_5_7b,medqa,0.35000000000000003,0.5370041699901502,0.5269870896939275,0.5370528210249175,0.5474435915968014,4.113969449285871e-06,19115,0.5011770860580695,0.5324614177347633
Qwen,MedQA,qwen2_5_7b,medqa,0.4,0.6650738249580963,0.6562583413395112,0.6648666386548672,0.6730555304980982,4.113969449285871e-06,19115,0.5011770860580695,0.5324614177347633
Qwen,MedQA,qwen2_5_7b,medqa,0.45,0.8161277386094116,0.8084081614894868,0.8161671627237914,0.8235067584859709,4.113969449285871e-06,19115,0.5011770860580695,0.5324614177347633
Qwen,MedQA,qwen2_5_7b,medqa,0.5,0.9392626687923482,0.9392626687923478,0.9392626687923482,0.9392626687923487,4.113969449285871e-06,19115,0.5011770860580695,0.5324614177347633
Qwen,MedQA,qwen2_5_7b,medqa,0.55,0.9392626687923483,0.9392626687923478,0.9392626687923482,0.9392626687923487,4.113969449285871e-06,19115,0.5011770860580695,0.5324614177347633
Qwen,MedQA,qwen2_5_7b,medqa,0.6000000000000001,0.9392626687923483,0.9392626687923478,0.9392626687923482,0.9392626687923488,4.113969449285871e-06,19115,0.5011770860580695,0.5324614177347633
Qwen,MedQA,qwen2_5_7b,medqa,0.65,0.9392626687923482,0.9392626687923478,0.9392626687923482,0.9392626687923487,4.113969449285871e-06,19115,0.5011770860580695,0.5324614177347633
Qwen,MedQA,qwen2_5_7b,medqa,0.7000000000000001,0.9392626687923483,0.9392626687923478,0.9392626687923482,0.9392626687923487,4.113969449285871e-06,19115,0.5011770860580695,0.5324614177347633
Qwen,MedQA,qwen2_5_7b,medqa,0.75,0.9392626687923483,0.9392626687923478,0.9392626687923482,0.9392626687923488,4.113969449285871e-06,19115,0.5011770860580695,0.5324614177347633
Qwen,MedQA,qwen2_5_7b,medqa,0.8,0.9392626687923482,0.9392626687923478,0.9392626687923482,0.9392626687923487,4.113969449285871e-06,19115,0.5011770860580695,0.5324614177347633
Qwen,MedQA,qwen2_5_7b,medqa,0.8500000000000001,0.9392626687923482,0.9392626687923478,0.9392626687923482,0.9392626687923487,4.113969449285871e-06,19115,0.5011770860580695,0.5324614177347633
Qwen,MedQA,qwen2_5_7b,medqa,0.9,0.9392626687923483,0.9392626687923478,0.9392626687923482,0.9392626687923487,4.113969449285871e-06,19115,0.5011770860580695,0.5324614177347633
Qwen,MedQA,qwen2_5_7b,medqa,0.9500000000000001,0.9392626687923483,0.939262668792348,0.9392626687923482,0.9392626687923487,4.113969449285871e-06,19115,0.5011770860580695,0.5324614177347633
Qwen,MedQA,qwen2_5_7b,medqa,1.0,0.9392626687923508,0.9392626687923508,0.9392626687923508,0.9392626687923508,4.113969449285871e-06,19115,0.5011770860580695,0.5324614177347633
Qwen,PopQA,qwen2_5_7b,popqa,0.0,0.006450484909640741,0.0005344600210637809,0.005290918133742864,0.015650152500704912,7.438018334700375e-05,13837,0.8884151188841511,0.5331357953313579
Qwen,PopQA,qwen2_5_7b,popqa,0.05,0.08321816813617118,0.06812018818165762,0.08334883081008279,0.09531090659071881,7.438018334700375e-05,13837,0.8884151188841511,0.5331357953313579
Qwen,PopQA,qwen2_5_7b,popqa,0.1,0.17614877439690538,0.16248256289736648,0.17674503786658616,0.18916719348493896,7.438018334700375e-05,13837,0.8884151188841511,0.5331357953313579
Qwen,PopQA,qwen2_5_7b,popqa,0.15000000000000002,0.28022987560454465,0.2657474824728957,0.28026300135286025,0.2943184403951077,7.438018334700375e-05,13837,0.8884151188841511,0.5331357953313579
Qwen,PopQA,qwen2_5_7b,popqa,0.2,0.3786335916147587,0.378720086624249,0.37872008662424944,0.37872008662424983,7.438018334700375e-05,13837,0.8884151188841511,0.5331357953313579
Qwen,PopQA,qwen2_5_7b,popqa,0.25,0.37872008662424944,0.3787200866242491,0.3787200866242495,0.37872008662424983,7.438018334700375e-05,13837,0.8884151188841511,0.5331357953313579
Qwen,PopQA,qwen2_5_7b,popqa,0.30000000000000004,0.3787200866242494,0.37872008662424905,0.37872008662424944,0.3787200866242497,7.438018334700375e-05,13837,0.8884151188841511,0.5331357953313579
Qwen,PopQA,qwen2_5_7b,popqa,0.35000000000000003,0.37872008662424944,0.3787200866242491,0.3787200866242495,0.37872008662424983,7.438018334700375e-05,13837,0.8884151188841511,0.5331357953313579
Qwen,PopQA,qwen2_5_7b,popqa,0.4,0.37872008662424944,0.3787200866242491,0.37872008662424944,0.37872008662424983,7.438018334700375e-05,13837,0.8884151188841511,0.5331357953313579
Qwen,PopQA,qwen2_5_7b,popqa,0.45,0.37872008662424944,0.3787200866242491,0.3787200866242495,0.37872008662424983,7.438018334700375e-05,13837,0.8884151188841511,0.5331357953313579
Qwen,PopQA,qwen2_5_7b,popqa,0.5,0.37872008662424944,0.3787200866242491,0.37872008662424944,0.37872008662424983,7.438018334700375e-05,13837,0.8884151188841511,0.5331357953313579
Qwen,PopQA,qwen2_5_7b,popqa,0.55,0.37872008662424944,0.37872008662424905,0.37872008662424944,0.37872008662424983,7.438018334700375e-05,13837,0.8884151188841511,0.5331357953313579
Qwen,PopQA,qwen2_5_7b,popqa,0.6000000000000001,0.37872008662424944,0.3787200866242491,0.37872008662424944,0.37872008662424983,7.438018334700375e-05,13837,0.8884151188841511,0.5331357953313579
Qwen,PopQA,qwen2_5_7b,popqa,0.65,0.37872008662424944,0.37872008662424905,0.37872008662424944,0.37872008662424983,7.438018334700375e-05,13837,0.8884151188841511,0.5331357953313579
Qwen,PopQA,qwen2_5_7b,popqa,0.7000000000000001,0.37872008662424944,0.3787200866242491,0.37872008662424944,0.37872008662424983,7.438018334700375e-05,13837,0.8884151188841511,0.5331357953313579
Qwen,PopQA,qwen2_5_7b,popqa,0.75,0.37872008662424944,0.3787200866242491,0.37872008662424944,0.37872008662424983,7.438018334700375e-05,13837,0.8884151188841511,0.5331357953313579
Qwen,PopQA,qwen2_5_7b,popqa,0.8,0.37872008662424944,0.37872008662424916,0.37872008662424944,0.37872008662424983,7.438018334700375e-05,13837,0.8884151188841511,0.5331357953313579
Qwen,PopQA,qwen2_5_7b,popqa,0.8500000000000001,0.3787200866242494,0.37872008662424905,0.37872008662424944,0.37872008662424983,7.438018334700375e-05,13837,0.8884151188841511,0.5331357953313579
Qwen,PopQA,qwen2_5_7b,popqa,0.9,0.37872008662424944,0.37872008662424916,0.37872008662424944,0.37872008662424983,7.438018334700375e-05,13837,0.8884151188841511,0.5331357953313579
Qwen,PopQA,qwen2_5_7b,popqa,0.9500000000000001,0.37872008662424944,0.3787200866242491,0.37872008662424944,0.37872008662424983,7.438018334700375e-05,13837,0.8884151188841511,0.5331357953313579
Qwen,PopQA,qwen2_5_7b,popqa,1.0,0.3787200866242481,0.3787200866242481,0.3787200866242481,0.3787200866242481,7.438018334700375e-05,13837,0.8884151188841511,0.5331357953313579
Qwen,TruthfulQA,qwen2_5_7b,truthfulqa,0.0,0.023118379137770432,0.0025927720817854067,0.022882875655141813,0.05476732412755903,0.003204400367745002,1526,0.2889908256880734,0.5353866317169069
Qwen,TruthfulQA,qwen2_5_7b,truthfulqa,0.05,0.05893703348575336,0.01418711698084621,0.06056449657708943,0.09984033992265784,0.003204400367745002,1526,0.2889908256880734,0.5353866317169069
Qwen,TruthfulQA,qwen2_5_7b,truthfulqa,0.1,0.1192898534908324,0.0750574277009154,0.11853622107239348,0.16230487306634797,0.003204400367745002,1526,0.2889908256880734,0.5353866317169069
Qwen,TruthfulQA,qwen2_5_7b,truthfulqa,0.15000000000000002,0.19406178374487562,0.15042066954481073,0.19534875602867133,0.23607389248662244,0.003204400367745002,1526,0.2889908256880734,0.5353866317169069
Qwen,TruthfulQA,qwen2_5_7b,truthfulqa,0.2,0.27226564008904086,0.2315810838382365,0.27505987720971437,0.30694432568213176,0.003204400367745002,1526,0.2889908256880734,0.5353866317169069
Qwen,TruthfulQA,qwen2_5_7b,truthfulqa,0.25,0.36577403169996625,0.32433584303072294,0.3649160501774358,0.40549625732414857,0.003204400367745002,1526,0.2889908256880734,0.5353866317169069
Qwen,TruthfulQA,qwen2_5_7b,truthfulqa,0.30000000000000004,0.4752710249266963,0.4431778782460961,0.4750623267185133,0.5069467751909305,0.003204400367745002,1526,0.2889908256880734,0.5353866317169069
Qwen,TruthfulQA,qwen2_5_7b,truthfulqa,0.35000000000000003,0.5851738202248935,0.5591213272367036,0.5910057757091209,0.5939043619338862,0.003204400367745002,1526,0.2889908256880734,0.5353866317169069
Qwen,TruthfulQA,qwen2_5_7b,truthfulqa,0.4,0.5939043619338861,0.5939043619338862,0.5939043619338862,0.5939043619338862,0.003204400367745002,1526,0.2889908256880734,0.5353866317169069
Qwen,TruthfulQA,qwen2_5_7b,truthfulqa,0.45,0.5939043619338861,0.5939043619338862,0.5939043619338862,0.5939043619338863,0.003204400367745002,1526,0.2889908256880734,0.5353866317169069
Qwen,TruthfulQA,qwen2_5_7b,truthfulqa,0.5,0.5939043619338861,0.5939043619338862,0.5939043619338862,0.5939043619338863,0.003204400367745002,1526,0.2889908256880734,0.5353866317169069
Qwen,TruthfulQA,qwen2_5_7b,truthfulqa,0.55,0.5939043619338861,0.5939043619338862,0.5939043619338862,0.5939043619338863,0.003204400367745002,1526,0.2889908256880734,0.5353866317169069
Qwen,TruthfulQA,qwen2_5_7b,truthfulqa,0.6000000000000001,0.5939043619338861,0.5939043619338862,0.5939043619338862,0.5939043619338863,0.003204400367745002,1526,0.2889908256880734,0.5353866317169069
Qwen,TruthfulQA,qwen2_5_7b,truthfulqa,0.65,0.5939043619338861,0.5939043619338862,0.5939043619338862,0.5939043619338863,0.003204400367745002,1526,0.2889908256880734,0.5353866317169069
Qwen,TruthfulQA,qwen2_5_7b,truthfulqa,0.7000000000000001,0.5939043619338861,0.5939043619338862,0.5939043619338862,0.5939043619338863,0.003204400367745002,1526,0.2889908256880734,0.5353866317169069
Qwen,TruthfulQA,qwen2_5_7b,truthfulqa,0.75,0.5939043619338861,0.5939043619338862,0.5939043619338862,0.5939043619338863,0.003204400367745002,1526,0.2889908256880734,0.5353866317169069
Qwen,TruthfulQA,qwen2_5_7b,truthfulqa,0.8,0.5939043619338861,0.5939043619338862,0.5939043619338862,0.5939043619338863,0.003204400367745002,1526,0.2889908256880734,0.5353866317169069
Qwen,TruthfulQA,qwen2_5_7b,truthfulqa,0.8500000000000001,0.5939043619338861,0.5939043619338862,0.5939043619338862,0.5939043619338863,0.003204400367745002,1526,0.2889908256880734,0.5353866317169069
Qwen,TruthfulQA,qwen2_5_7b,truthfulqa,0.9,0.5939043619338861,0.5939043619338862,0.5939043619338862,0.5939043619338862,0.003204400367745002,1526,0.2889908256880734,0.5353866317169069
Qwen,TruthfulQA,qwen2_5_7b,truthfulqa,0.9500000000000001,0.5939043619338861,0.5939043619338862,0.5939043619338862,0.5939043619338862,0.003204400367745002,1526,0.2889908256880734,0.5353866317169069
Qwen,TruthfulQA,qwen2_5_7b,truthfulqa,1.0,0.5939043619338863,0.5939043619338863,0.5939043619338863,0.5939043619338863,0.003204400367745002,1526,0.2889908256880734,0.5353866317169069
